-- phpMyAdmin SQL Dump
-- version 4.9.1
-- https://www.phpmyadmin.net/
--
-- Host: 127.0.0.1
-- Waktu pembuatan: 26 Jul 2020 pada 09.25
-- Versi server: 10.4.8-MariaDB
-- Versi PHP: 7.3.11

SET SQL_MODE = "NO_AUTO_VALUE_ON_ZERO";
SET AUTOCOMMIT = 0;
START TRANSACTION;
SET time_zone = "+00:00";


/*!40101 SET @OLD_CHARACTER_SET_CLIENT=@@CHARACTER_SET_CLIENT */;
/*!40101 SET @OLD_CHARACTER_SET_RESULTS=@@CHARACTER_SET_RESULTS */;
/*!40101 SET @OLD_COLLATION_CONNECTION=@@COLLATION_CONNECTION */;
/*!40101 SET NAMES utf8mb4 */;

--
-- Database: `b`
--

-- --------------------------------------------------------

--
-- Struktur dari tabel `batasan`
--

CREATE TABLE `batasan` (
  `id_batasan` int(3) NOT NULL,
  `batasan` varchar(100) NOT NULL
) ENGINE=InnoDB DEFAULT CHARSET=latin1;

--
-- Dumping data untuk tabel `batasan`
--

INSERT INTO `batasan` (`id_batasan`, `batasan`) VALUES
(1, 'Bentrok jam, mata kuliah di semester yang sama'),
(2, 'Bentrok dosen di jam yang sama'),
(3, 'Bentrok ruangan di jam yang sama'),
(4, 'Bentrok jam, matakuliah di semester berbeda'),
(5, 'Bentrok dosen beda prodi'),
(6, 'Bentrok ruangan beda prodi'),
(7, 'Kapasitas ruangan tidak mencukupi');

-- --------------------------------------------------------

--
-- Struktur dari tabel `dosen`
--

CREATE TABLE `dosen` (
  `id_dosen` int(3) NOT NULL,
  `nama_dosen` varchar(50) NOT NULL,
  `id_prodi` int(3) NOT NULL
) ENGINE=InnoDB DEFAULT CHARSET=latin1;

--
-- Dumping data untuk tabel `dosen`
--

INSERT INTO `dosen` (`id_dosen`, `nama_dosen`, `id_prodi`) VALUES
(1, 'Acep Taryana', 2),
(2, 'Ari Fadli', 2),
(3, 'Agung Mubyarto', 2),
(4, 'Arief Wisnu Wardhana', 2),
(5, 'Azis Wisnu Widhi N', 2),
(6, 'Daru Tri Nugroho', 2),
(7, 'Eko Murdyantoro A', 2),
(8, 'Farida Asriani', 2),
(9, 'Hari Prasetijo', 2),
(10, 'Hesti Susilawati', 2),
(11, 'Hari Siswantoro', 2),
(12, 'Imron Rosyadi', 2),
(13, 'Iwan Setiawan', 2),
(14, 'Priswanto', 2),
(15, 'Retno Supriyanti', 2),
(16, 'Suroso', 2),
(17, 'Widhiatmoko Heri P', 2),
(18, 'Winasis', 2),
(19, 'Yogi Ramadhani', 2),
(20, 'Adi Chandra', 3),
(21, 'Asmoro Widagdo', 3),
(22, 'Eko Bayu P', 3),
(23, 'Gentur Waluyo', 3),
(24, 'Indra Permanajati', 3),
(25, 'Mochamad Aziz', 3),
(26, 'Rachmad Setijadi', 3),
(27, 'Sachrul Iswahyudi', 3),
(28, 'Siswandi', 3),
(29, 'Lina Dianawati', 5),
(30, 'Maria Krisnawati', 5),
(31, 'Niko Siameva Uletika', 5),
(32, 'Sugeng Waluyo', 5),
(33, 'Bangun Wijayanto', 1),
(34, 'Eddy Maryanto', 1),
(35, 'Ipung Permadi', 1),
(36, 'Lasmedi Afuan', 1),
(37, 'Nurul Hidayat', 1),
(38, 'Swahesti P R', 1),
(39, 'Teguh Cahyono', 1),
(40, 'A. Adhe Nurpatria', 4),
(41, 'Agus Maryoto', 4),
(42, 'Arwan Apriyono', 4),
(43, 'Bagyo Mulyono', 4),
(44, 'Eva Wahyu Indriati', 4),
(45, 'Gandjar Pamudji', 4),
(46, 'Gathot Heri Sudibyo', 4),
(47, 'Gito Sugiyanto', 4),
(48, 'Hery Awan Susanto', 4),
(49, 'Nor Intang Setyo H', 4),
(50, 'Nastain', 4),
(51, 'Nanang Gunawan', 4),
(52, 'Probo Hardini', 4),
(53, 'Paulus Setyo Nugroho', 4),
(54, 'Purwanto Bekti Santoso', 4),
(55, 'Suroso', 4),
(56, 'Sanindya Nika Purnomo', 4),
(57, 'Sumiyanto', 4),
(58, 'Wahyu Widiyanto', 4),
(59, 'Yanuar Haryanto', 4),
(60, 'Yanto', 4),
(61, 'Abdul Rahman', 6),
(62, 'Chumaidi Azhar', 6),
(63, 'Wahyudin', 6),
(64, 'Abdullah Nur Azis', 6),
(65, 'Farzand Abdul Latif', 6),
(66, 'Jamrud Aminudin', 6),
(67, 'Kartika Sari', 6),
(68, 'Sukmaji Anom Raharjo', 6),
(69, 'Sugito', 6),
(70, 'Sehah ', 6),
(71, 'Wahyu Tri Cahyanto', 6),
(72, 'Wahyu Widhanarko', 6),
(73, 'Ashari Hidayat', 6),
(74, 'Gita Anggria Resticka', 6),
(75, 'Imam Suhardi', 6),
(76, 'Amin Supangat', 6),
(77, 'Septi Mariasari', 6),
(78, 'Novita', 6),
(79, 'Anung Riapanitra', 6),
(80, 'Joko Maryanto', 6),
(81, 'Uyi Sulaiman', 6),
(82, 'Arif Widiyanto', 6),
(83, 'Djunaedi', 6),
(84, 'Drajat Uji Wakhyono', 6),
(85, 'Hizom', 6),
(86, 'Hamdani', 6),
(87, 'Hartono Surya', 6),
(88, 'Kitjuk Suwandono', 6),
(89, 'Stephanus Liem', 6),
(90, 'Y. Suroso', 6),
(91, 'Agus Sugandha', 6),
(92, 'Agustini Tripena', 6),
(93, 'Mashuri', 6),
(94, 'Mutia Nur Estri', 6),
(95, 'Renny', 6),
(96, 'Sri Marnani', 6),
(97, 'Suroto', 6),
(98, 'Triyani ', 6),
(99, 'Wuryatmo', 6),
(100, 'Agus Raharjo', 6),
(101, 'Agatha Sih Piranti', 6),
(102, 'Bambang Siswo Susilo', 6),
(103, 'Indra Jati Kusuma', 6),
(104, 'Ismangil', 6),
(105, 'Kharisun', 6),
(106, 'Kusnandar', 6),
(107, 'Panuwun Joko Nurcahyo', 6),
(108, 'Rahadi Wasi Bintoro ', 6),
(109, 'Slamet Santoso', 6),
(110, 'Sukarsa', 6),
(111, 'Suwardi', 6),
(112, 'Taufik Budi Pramono', 6),
(113, 'Waidi', 6),
(115, 'BUDI PRATIKNO', 6),
(116, 'Arif Kelik N', 1);

-- --------------------------------------------------------

--
-- Struktur dari tabel `groups`
--

CREATE TABLE `groups` (
  `id` mediumint(8) UNSIGNED NOT NULL,
  `name` varchar(20) NOT NULL,
  `description` varchar(100) NOT NULL
) ENGINE=InnoDB DEFAULT CHARSET=utf8;

--
-- Dumping data untuk tabel `groups`
--

INSERT INTO `groups` (`id`, `name`, `description`) VALUES
(1, 'admin', 'Administrator'),
(2, 'operator', 'Operator');

-- --------------------------------------------------------

--
-- Struktur dari tabel `jadwal`
--

CREATE TABLE `jadwal` (
  `id_jadwal` int(3) NOT NULL,
  `thn_ajar` int(10) NOT NULL,
  `id_kuliah` int(3) NOT NULL,
  `id_dosen` int(3) NOT NULL,
  `kelas` varchar(2) NOT NULL,
  `kapasitas` int(4) NOT NULL,
  `id_ruang` int(3) NOT NULL,
  `hari` varchar(10) NOT NULL,
  `jam` time NOT NULL
) ENGINE=InnoDB DEFAULT CHARSET=latin1;

--
-- Dumping data untuk tabel `jadwal`
--

INSERT INTO `jadwal` (`id_jadwal`, `thn_ajar`, `id_kuliah`, `id_dosen`, `kelas`, `kapasitas`, `id_ruang`, `hari`, `jam`) VALUES
(755, 201620172, 16, 47, 'A', 100, 3, 'Senin', '14:00:00'),
(756, 201620172, 22, 42, 'A', 50, 3, 'Senin', '09:50:00'),
(757, 201620172, 24, 56, 'B', 50, 3, 'Rabu', '12:20:00'),
(758, 201620172, 25, 56, 'A', 50, 3, 'Jum\'at', '07:20:00'),
(759, 201620172, 7, 58, 'A', 40, 4, 'Rabu', '09:00:00'),
(760, 201620172, 28, 40, 'A', 40, 5, 'Senin', '12:20:00'),
(761, 201620172, 9, 53, 'A', 70, 6, 'Selasa', '07:20:00'),
(762, 201620172, 14, 47, 'A', 65, 6, 'Senin', '09:00:00'),
(763, 201620172, 26, 44, 'A', 50, 6, 'Jum\'at', '11:30:00'),
(764, 201620172, 33, 50, 'A', 60, 6, 'Rabu', '14:00:00'),
(765, 201620172, 40, 47, 'A', 100, 6, 'Selasa', '09:00:00'),
(766, 201620172, 41, 43, 'A', 50, 6, 'Senin', '14:50:00'),
(767, 201620172, 3, 59, 'B', 50, 7, 'Senin', '12:20:00'),
(768, 201620172, 11, 58, 'B', 50, 7, 'Selasa', '12:20:00'),
(769, 201620172, 23, 53, 'B', 50, 7, 'Rabu', '08:10:00'),
(770, 201620172, 24, 54, 'C', 65, 7, 'Jum\'at', '13:10:00'),
(771, 201620172, 27, 48, 'B', 50, 7, 'Senin', '07:20:00'),
(772, 201620172, 29, 54, 'B', 50, 7, 'Kamis', '10:40:00'),
(773, 201620172, 34, 40, 'B', 50, 7, 'Jum\'at', '13:10:00'),
(774, 201620172, 38, 49, 'A', 50, 7, 'Rabu', '11:30:00'),
(775, 201620172, 21, 44, 'A', 40, 8, 'Senin', '13:10:00'),
(776, 201620172, 37, 51, 'A', 40, 8, 'Senin', '09:50:00'),
(777, 201620172, 4, 41, 'A', 40, 9, 'Senin', '14:00:00'),
(778, 201620172, 12, 110, 'B', 35, 9, 'Rabu', '14:00:00'),
(779, 201620172, 5, 59, 'A', 50, 10, 'Rabu', '14:00:00'),
(780, 201620172, 5, 59, 'B', 50, 10, 'Kamis', '13:10:00'),
(781, 201620172, 14, 47, 'B', 60, 10, 'Rabu', '08:10:00'),
(782, 201620172, 17, 56, 'A', 60, 10, 'Senin', '07:20:00'),
(783, 201620172, 24, 56, 'A', 50, 10, 'Kamis', '10:40:00'),
(784, 201620172, 27, 48, 'A', 60, 10, 'Rabu', '13:10:00'),
(785, 201620172, 32, 47, 'A', 55, 10, 'Senin', '12:20:00'),
(786, 201620172, 29, 54, 'C', 1, 11, 'Kamis', '07:20:00'),
(787, 201620172, 9, 53, 'B', 40, 14, 'Selasa', '09:00:00'),
(788, 201620172, 11, 58, 'A', 40, 14, 'Selasa', '14:00:00'),
(789, 201620172, 17, 54, 'B', 60, 17, 'Rabu', '09:50:00'),
(790, 201620172, 23, 53, 'A', 50, 17, 'Jum\'at', '07:20:00'),
(791, 201620172, 30, 40, 'B', 60, 17, 'Selasa', '09:00:00'),
(792, 201620172, 31, 59, 'A', 60, 17, 'Jum\'at', '09:00:00'),
(793, 201620172, 32, 47, 'B', 55, 17, 'Rabu', '12:20:00'),
(794, 201620172, 34, 57, 'A', 55, 17, 'Jum\'at', '12:20:00'),
(795, 201620172, 36, 51, 'A', 50, 17, 'Kamis', '07:20:00'),
(796, 201620172, 38, 49, 'B', 50, 17, 'Senin', '10:40:00'),
(797, 201620172, 2, 46, 'B', 70, 19, 'Kamis', '12:20:00'),
(798, 201620172, 20, 103, 'A', 50, 19, 'Rabu', '08:10:00'),
(799, 201620172, 26, 48, 'B', 50, 19, 'Jum\'at', '11:30:00'),
(800, 201620172, 29, 54, 'A', 50, 19, 'Jum\'at', '07:20:00'),
(801, 201620172, 30, 42, 'A', 50, 19, 'Selasa', '10:40:00'),
(802, 201620172, 3, 59, 'A', 50, 20, 'Senin', '14:00:00'),
(803, 201620172, 14, 47, 'C', 50, 20, 'Selasa', '12:20:00'),
(804, 201620172, 16, 43, 'A', 50, 20, 'Senin', '10:40:00'),
(805, 201620172, 20, 103, 'B', 50, 20, 'Kamis', '13:10:00'),
(806, 201620172, 25, 56, 'B', 50, 20, 'Selasa', '14:00:00'),
(807, 201620172, 31, 59, 'B', 60, 20, 'Selasa', '07:20:00'),
(808, 201620172, 35, 58, 'A', 60, 20, 'Jum\'at', '14:00:00'),
(809, 201620172, 35, 58, 'B', 60, 20, 'Jum\'at', '10:40:00'),
(810, 201620172, 36, 51, 'B', 60, 20, 'Selasa', '09:50:00'),
(811, 201620172, 39, 41, 'A', 60, 20, 'Kamis', '08:10:00'),
(812, 201620172, 39, 41, 'B', 50, 20, 'Jum\'at', '09:00:00'),
(813, 201620172, 18, 41, 'A', 61, 1, 'Senin', '09:00:00'),
(814, 201620172, 41, 43, 'B', 60, 20, 'Kamis', '07:20:00'),
(815, 201620172, 2, 46, 'A', 70, 2, 'Senin', '09:50:00'),
(816, 201620172, 8, 51, 'A', 40, 33, 'Selasa', '11:30:00'),
(817, 201620172, 6, 73, 'A', 80, 2, 'Kamis', '09:50:00'),
(818, 201620172, 10, 47, 'A', 40, 33, 'Jum\'at', '07:20:00'),
(819, 201620172, 18, 41, 'B', 65, 2, 'Rabu', '09:50:00'),
(820, 201620172, 16, 43, 'B', 40, 33, 'Rabu', '09:50:00'),
(821, 201620172, 12, 110, 'A', 80, 3, 'Jum\'at', '12:20:00'),
(822, 201620172, 19, 53, 'A', 40, 33, 'Kamis', '11:30:00'),
(823, 201620172, 13, 47, 'A', 100, 3, 'Jum\'at', '09:00:00'),
(824, 201620172, 92, 78, 'A', 80, 1, 'Rabu', '11:30:00'),
(825, 201620172, 101, 34, 'A', 100, 1, 'Rabu', '09:00:00'),
(826, 201620172, 110, 36, 'A', 100, 1, 'Senin', '11:30:00'),
(827, 201620172, 114, 39, 'A', 70, 1, 'Selasa', '11:30:00'),
(828, 201620172, 116, 36, 'A', 90, 1, 'Jum\'at', '09:50:00'),
(829, 201620172, 117, 34, 'A', 80, 1, 'Selasa', '09:00:00'),
(830, 201620172, 124, 37, 'A', 90, 1, 'Kamis', '09:50:00'),
(831, 201620172, 93, 37, 'A', 80, 2, 'Selasa', '09:00:00'),
(832, 201620172, 94, 37, 'A', 70, 2, 'Senin', '13:10:00'),
(833, 201620172, 98, 36, 'A', 60, 3, 'Selasa', '13:10:00'),
(834, 201620172, 100, 38, 'A', 60, 3, 'Kamis', '13:10:00'),
(835, 201620172, 113, 92, 'B', 60, 3, 'Rabu', '08:10:00'),
(836, 201620172, 122, 34, 'A', 100, 3, 'Senin', '11:30:00'),
(837, 201620172, 104, 36, 'A', 45, 4, 'Selasa', '07:20:00'),
(838, 201620172, 109, 38, 'B', 45, 4, 'Rabu', '13:10:00'),
(839, 201620172, 121, 33, 'B', 40, 4, 'Kamis', '10:40:00'),
(840, 201620172, 99, 33, 'A', 45, 5, 'Jum\'at', '07:20:00'),
(841, 201620172, 109, 34, 'A', 35, 5, 'Rabu', '14:00:00'),
(842, 201620172, 119, 94, 'A', 45, 5, 'Kamis', '10:40:00'),
(843, 201620172, 121, 34, 'A', 41, 5, 'Selasa', '11:30:00'),
(844, 201620172, 103, 19, 'A', 90, 6, 'Jum\'at', '08:10:00'),
(845, 201620172, 105, 34, 'A', 100, 6, 'Kamis', '11:30:00'),
(846, 201620172, 120, 39, 'A', 60, 7, 'Jum\'at', '10:40:00'),
(847, 201620172, 108, 35, 'B', 35, 8, 'Rabu', '11:30:00'),
(848, 201620172, 112, 15, 'A', 30, 9, 'Jum\'at', '07:20:00'),
(849, 201620172, 96, 38, 'A', 65, 10, 'Jum\'at', '13:10:00'),
(850, 201620172, 107, 94, 'B', 60, 10, 'Jum\'at', '10:40:00'),
(851, 201620172, 113, 92, 'A', 60, 10, 'Selasa', '09:00:00'),
(852, 201620172, 123, 39, 'A', 30, 12, 'Jum\'at', '07:20:00'),
(853, 201620172, 108, 34, 'A', 35, 14, 'Jum\'at', '12:20:00'),
(854, 201620172, 97, 37, 'A', 30, 18, 'Jum\'at', '09:50:00'),
(855, 201620172, 104, 33, 'A', 45, 18, 'Selasa', '09:50:00'),
(856, 201620172, 107, 35, 'A', 50, 19, 'Senin', '09:00:00'),
(857, 201620172, 111, 35, 'A', 100, 19, 'Rabu', '09:00:00'),
(858, 201620172, 111, 33, 'A', 100, 19, 'Senin', '11:30:00'),
(859, 201620172, 118, 94, 'A', 60, 19, 'Senin', '13:10:00'),
(860, 201620172, 95, 38, 'A', 60, 20, 'Selasa', '09:50:00'),
(861, 201620172, 102, 111, 'A', 60, 20, 'Kamis', '09:50:00'),
(862, 201620172, 106, 38, 'A', 50, 20, 'Rabu', '10:40:00'),
(863, 201620172, 115, 95, 'A', 35, 33, 'Senin', '12:20:00'),
(864, 201620172, 82, 25, 'A', 60, 3, 'Selasa', '13:10:00'),
(865, 201620172, 82, 25, 'B', 50, 3, 'Rabu', '09:50:00'),
(866, 201620172, 47, 20, 'A', 30, 4, 'Selasa', '13:10:00'),
(867, 201620172, 59, 20, 'B', 40, 4, 'Senin', '09:00:00'),
(868, 201620172, 74, 26, 'A', 30, 4, 'Rabu', '11:30:00'),
(869, 201620172, 79, 101, 'B', 35, 4, 'Senin', '07:20:00'),
(870, 201620172, 86, 20, 'B', 40, 4, 'Kamis', '09:00:00'),
(871, 201620172, 91, 25, 'A', 40, 4, 'Selasa', '09:50:00'),
(872, 201620172, 50, 28, 'A', 30, 5, 'Selasa', '09:00:00'),
(873, 201620172, 75, 25, 'B', 40, 5, 'Jum\'at', '10:40:00'),
(874, 201620172, 43, 28, 'A', 90, 6, 'Jum\'at', '13:10:00'),
(875, 201620172, 62, 21, 'B', 60, 6, 'Senin', '12:20:00'),
(876, 201620172, 64, 104, 'A', 60, 6, 'Rabu', '07:20:00'),
(877, 201620172, 67, 81, 'B', 60, 6, 'Selasa', '09:50:00'),
(878, 201620172, 79, 101, 'A', 50, 6, 'Kamis', '14:00:00'),
(879, 201620172, 49, 20, 'B', 60, 7, 'Jum\'at', '10:40:00'),
(880, 201620172, 51, 22, 'A', 60, 7, 'Selasa', '14:00:00'),
(881, 201620172, 52, 21, 'A', 60, 7, 'Rabu', '11:30:00'),
(882, 201620172, 61, 26, 'A', 60, 7, 'Senin', '14:00:00'),
(883, 201620172, 62, 21, 'A', 60, 7, 'Senin', '09:00:00'),
(884, 201620172, 65, 26, 'A', 50, 7, 'Kamis', '08:10:00'),
(885, 201620172, 70, 91, 'B', 55, 7, 'Rabu', '14:00:00'),
(886, 201620172, 86, 20, 'A', 50, 7, 'Rabu', '09:50:00'),
(887, 201620172, 56, 20, 'A', 40, 8, 'Kamis', '11:30:00'),
(888, 201620172, 57, 22, 'B', 40, 8, 'Selasa', '09:50:00'),
(889, 201620172, 66, 23, 'A', 30, 8, 'Jum\'at', '08:10:00'),
(890, 201620172, 53, 21, 'A', 30, 9, 'Rabu', '09:50:00'),
(891, 201620172, 55, 23, 'A', 30, 9, 'Senin', '10:40:00'),
(892, 201620172, 64, 104, 'B', 40, 9, 'Kamis', '11:30:00'),
(893, 201620172, 87, 28, 'A', 30, 9, 'Selasa', '13:10:00'),
(894, 201620172, 63, 111, 'B', 35, 10, 'Kamis', '07:20:00'),
(895, 201620172, 73, 23, 'A', 60, 10, 'Selasa', '13:10:00'),
(896, 201620172, 90, 28, 'B', 50, 10, 'Jum\'at', '09:00:00'),
(897, 201620172, 83, 25, 'A', 30, 11, 'Rabu', '08:10:00'),
(898, 201620172, 72, 22, 'A', 40, 13, 'Rabu', '09:00:00'),
(899, 201620172, 91, 25, 'B', 40, 13, 'Jum\'at', '13:10:00'),
(900, 201620172, 46, 68, 'B', 33, 14, 'Jum\'at', '08:10:00'),
(901, 201620172, 48, 22, 'A', 30, 14, 'Kamis', '11:30:00'),
(902, 201620172, 71, 28, 'A', 40, 14, 'Kamis', '07:20:00'),
(903, 201620172, 75, 25, 'A', 40, 14, 'Kamis', '09:00:00'),
(904, 201620172, 80, 28, 'A', 30, 14, 'Rabu', '08:10:00'),
(905, 201620172, 60, 111, 'A', 30, 16, 'Senin', '08:10:00'),
(906, 201620172, 84, 21, 'A', 30, 16, 'Selasa', '09:00:00'),
(907, 201620172, 63, 111, 'A', 50, 17, 'Kamis', '11:30:00'),
(908, 201620172, 81, 28, 'B', 50, 17, 'Senin', '08:10:00'),
(909, 201620172, 56, 20, 'B', 40, 18, 'Kamis', '13:10:00'),
(910, 201620172, 57, 22, 'A', 40, 18, 'Selasa', '07:20:00'),
(911, 201620172, 71, 28, 'B', 60, 19, 'Rabu', '11:30:00'),
(912, 201620172, 81, 28, 'A', 50, 19, 'Rabu', '13:10:00'),
(913, 201620172, 42, 73, 'A', 60, 20, 'Rabu', '08:10:00'),
(914, 201620172, 49, 20, 'A', 60, 20, 'Senin', '12:20:00'),
(915, 201620172, 70, 98, 'A', 55, 20, 'Rabu', '14:00:00'),
(916, 201620172, 44, 21, 'A', 40, 33, 'Senin', '07:20:00'),
(917, 201620172, 54, 113, 'A', 90, 1, 'Rabu', '07:20:00'),
(918, 201620172, 61, 26, 'B', 40, 33, 'Kamis', '13:10:00'),
(919, 201620172, 69, 23, 'A', 100, 1, 'Kamis', '12:20:00'),
(920, 201620172, 67, 111, 'A', 40, 33, 'Selasa', '09:50:00'),
(921, 201620172, 88, 23, 'A', 100, 1, 'Jum\'at', '12:20:00'),
(922, 201620172, 73, 23, 'B', 40, 33, 'Selasa', '07:20:00'),
(923, 201620172, 46, 68, 'A', 90, 2, 'Jum\'at', '13:10:00'),
(924, 201620172, 76, 20, 'A', 30, 33, 'Rabu', '14:00:00'),
(925, 201620172, 58, 28, 'A', 65, 2, 'Jum\'at', '07:20:00'),
(926, 201620172, 90, 28, 'A', 40, 33, 'Senin', '10:40:00'),
(927, 201620172, 68, 23, 'A', 100, 2, 'Senin', '13:10:00'),
(928, 201620172, 77, 23, 'A', 100, 2, 'Selasa', '10:40:00'),
(929, 201620172, 85, 23, 'A', 100, 2, 'Rabu', '07:20:00'),
(930, 201620172, 89, 22, 'A', 65, 2, 'Jum\'at', '09:00:00'),
(931, 201620172, 45, 28, 'B', 60, 3, 'Selasa', '11:30:00'),
(932, 201620172, 78, 107, 'A', 90, 3, 'Selasa', '08:10:00'),
(933, 201620172, 158, 3, 'A', 50, 3, 'Senin', '09:00:00'),
(934, 201620172, 140, 9, 'A', 35, 4, 'Jum\'at', '11:30:00'),
(935, 201620172, 156, 3, 'A', 45, 4, 'Senin', '11:30:00'),
(936, 201620172, 161, 99, 'A', 45, 4, 'Senin', '14:00:00'),
(937, 201620172, 128, 9, 'A', 50, 6, 'Senin', '10:40:00'),
(938, 201620172, 131, 13, 'A', 50, 6, 'Rabu', '09:00:00'),
(939, 201620172, 134, 87, 'A', 60, 6, 'Selasa', '13:10:00'),
(940, 201620172, 142, 15, 'B', 50, 6, 'Rabu', '11:30:00'),
(941, 201620172, 125, 2, 'B', 50, 7, 'Jum\'at', '09:00:00'),
(942, 201620172, 127, 5, 'A', 50, 7, 'Selasa', '09:50:00'),
(943, 201620172, 128, 6, 'B', 50, 7, 'Jum\'at', '07:20:00'),
(944, 201620172, 139, 7, 'A', 60, 7, 'Selasa', '08:10:00'),
(945, 201620172, 148, 6, 'A', 50, 7, 'Kamis', '13:10:00'),
(946, 201620172, 156, 12, 'B', 45, 8, 'Rabu', '09:00:00'),
(947, 201620172, 164, 16, 'A', 45, 8, 'Kamis', '09:00:00'),
(948, 201620172, 129, 115, 'A', 60, 10, 'Selasa', '11:30:00'),
(949, 201620172, 130, 8, 'B', 50, 10, 'Senin', '14:00:00'),
(950, 201620172, 138, 2, 'A', 60, 10, 'Rabu', '09:50:00'),
(951, 201620172, 147, 12, 'B', 60, 10, 'Senin', '09:50:00'),
(952, 201620172, 152, 17, 'A', 60, 10, 'Jum\'at', '10:40:00'),
(953, 201620172, 162, 17, 'B', 52, 10, 'Rabu', '11:30:00'),
(954, 201620172, 154, 13, 'A', 30, 12, 'Selasa', '08:10:00'),
(955, 201620172, 159, 15, 'A', 30, 12, 'Jum\'at', '09:50:00'),
(956, 201620172, 126, 9, 'A', 40, 13, 'Rabu', '12:20:00'),
(957, 201620172, 137, 10, 'A', 45, 13, 'Jum\'at', '09:00:00'),
(958, 201620172, 146, 15, 'A', 45, 13, 'Senin', '07:20:00'),
(959, 201620172, 158, 14, 'B', 45, 13, 'Kamis', '10:40:00'),
(960, 201620172, 155, 10, 'A', 30, 14, 'Rabu', '13:10:00'),
(961, 201620172, 165, 18, 'A', 40, 14, 'Senin', '12:20:00'),
(962, 201620172, 151, 17, 'A', 30, 15, 'Kamis', '08:10:00'),
(963, 201620172, 157, 8, 'A', 30, 15, 'Jum\'at', '07:20:00'),
(964, 201620172, 136, 10, 'A', 30, 16, 'Rabu', '07:20:00'),
(965, 201620172, 137, 12, 'C', 60, 17, 'Jum\'at', '10:40:00'),
(966, 201620172, 137, 15, 'D', 60, 17, 'Rabu', '14:00:00'),
(967, 201620172, 138, 13, 'B', 60, 17, 'Jum\'at', '14:00:00'),
(968, 201620172, 147, 12, 'A', 50, 17, 'Kamis', '09:00:00'),
(969, 201620172, 150, 16, 'B', 60, 17, 'Rabu', '08:10:00'),
(970, 201620172, 161, 99, 'B', 50, 17, 'Selasa', '14:00:00'),
(971, 201620172, 162, 7, 'A', 60, 17, 'Senin', '12:20:00'),
(972, 201620172, 163, 6, 'B', 57, 17, 'Senin', '14:00:00'),
(973, 201620172, 141, 14, 'A', 30, 18, 'Senin', '13:10:00'),
(974, 201620172, 144, 3, 'A', 30, 18, 'Kamis', '09:00:00'),
(975, 201620172, 145, 2, 'A', 30, 18, 'Selasa', '13:10:00'),
(976, 201620172, 129, 67, 'B', 60, 19, 'Kamis', '09:50:00'),
(977, 201620172, 130, 3, 'A', 50, 19, 'Selasa', '12:20:00'),
(978, 201620172, 139, 10, 'B', 50, 19, 'Jum\'at', '13:10:00'),
(979, 201620172, 153, 14, 'A', 50, 19, 'Jum\'at', '13:10:00'),
(980, 201620172, 160, 6, 'A', 50, 19, 'Selasa', '07:20:00'),
(981, 201620172, 125, 19, 'A', 50, 20, 'Senin', '08:10:00'),
(982, 201620172, 143, 5, 'A', 50, 20, 'Rabu', '13:10:00'),
(983, 201620172, 150, 13, 'A', 50, 20, 'Jum\'at', '12:20:00'),
(984, 201620172, 127, 7, 'B', 45, 33, 'Jum\'at', '10:40:00'),
(985, 201620172, 137, 16, 'B', 45, 33, 'Jum\'at', '09:00:00'),
(986, 201620172, 132, 3, 'A', 100, 1, 'Senin', '14:00:00'),
(987, 201620172, 163, 18, 'A', 61, 1, 'Jum\'at', '07:20:00'),
(988, 201620172, 166, 3, 'A', 100, 1, 'Rabu', '09:00:00'),
(989, 201620172, 133, 106, 'A', 100, 2, 'Selasa', '07:20:00'),
(990, 201620172, 149, 3, 'A', 100, 2, 'Rabu', '12:20:00'),
(991, 201620172, 167, 3, 'A', 100, 2, 'Jum\'at', '11:30:00'),
(992, 201620172, 135, 3, 'A', 100, 3, 'Selasa', '09:50:00'),
(993, 201620172, 142, 19, 'A', 50, 3, 'Kamis', '07:20:00'),
(994, 201620172, 143, 18, 'B', 50, 3, 'Rabu', '13:10:00'),
(995, 201620172, 148, 16, 'B', 50, 3, 'Kamis', '11:30:00'),
(1184, 201520162, 123, 39, 'A', 30, 33, 'Jum\'at', '13:10:00'),
(1185, 201520162, 108, 35, 'B', 35, 33, 'Kamis', '11:30:00'),
(1186, 201520162, 107, 94, 'B', 60, 20, 'Senin', '10:40:00'),
(1187, 201520162, 113, 92, 'B', 60, 19, 'Selasa', '09:00:00'),
(1188, 201520162, 111, 35, 'A', 100, 19, 'Selasa', '11:30:00'),
(1189, 201520162, 102, 111, 'A', 60, 19, 'Selasa', '13:10:00'),
(1190, 201520162, 95, 38, 'A', 60, 19, 'Kamis', '07:20:00'),
(1191, 201520162, 109, 38, 'B', 45, 18, 'Senin', '07:20:00'),
(1192, 201520162, 108, 34, 'A', 35, 17, 'Jum\'at', '08:10:00'),
(1193, 201520162, 119, 94, 'A', 45, 14, 'Rabu', '13:10:00'),
(1194, 201520162, 120, 39, 'A', 60, 10, 'Kamis', '08:10:00'),
(1195, 201520162, 113, 92, 'A', 60, 10, 'Kamis', '14:00:00'),
(1196, 201520162, 104, 36, 'B', 45, 10, 'Rabu', '12:20:00'),
(1197, 201520162, 115, 95, 'A', 35, 9, 'Selasa', '13:10:00'),
(1198, 201520162, 97, 37, 'A', 30, 9, 'Jum\'at', '13:10:00'),
(1199, 201520162, 104, 33, 'A', 45, 8, 'Jum\'at', '11:30:00'),
(1200, 201520162, 99, 33, 'A', 45, 7, 'Rabu', '12:20:00'),
(1201, 201520162, 98, 36, 'A', 60, 7, 'Jum\'at', '09:00:00'),
(1202, 201520162, 124, 37, 'A', 90, 6, 'Jum\'at', '07:20:00'),
(1203, 201520162, 107, 35, 'A', 50, 6, 'Rabu', '12:20:00'),
(1204, 201520162, 93, 37, 'A', 80, 6, 'Selasa', '13:10:00'),
(1205, 201520162, 92, 78, 'A', 80, 6, 'Senin', '07:20:00'),
(1206, 201520162, 121, 33, 'B', 40, 5, 'Kamis', '08:10:00'),
(1207, 201520162, 112, 15, 'A', 30, 5, 'Senin', '09:50:00'),
(1208, 201520162, 109, 34, 'A', 35, 5, 'Selasa', '08:10:00'),
(1209, 201520162, 121, 34, 'A', 41, 4, 'Kamis', '09:00:00'),
(1210, 201520162, 116, 36, 'A', 90, 3, 'Jum\'at', '12:20:00'),
(1211, 201520162, 114, 39, 'A', 70, 3, 'Kamis', '12:20:00'),
(1212, 201520162, 94, 37, 'A', 70, 3, 'Senin', '09:00:00'),
(1213, 201520162, 111, 33, 'B', 100, 2, 'Jum\'at', '08:10:00'),
(1214, 201520162, 106, 38, 'A', 50, 2, 'Jum\'at', '09:50:00'),
(1215, 201520162, 103, 19, 'A', 90, 2, 'Selasa', '10:40:00'),
(1216, 201520162, 118, 94, 'A', 60, 1, 'Senin', '13:10:00'),
(1217, 201520162, 117, 34, 'A', 80, 1, 'Rabu', '09:50:00'),
(1218, 201520162, 110, 36, 'A', 100, 1, 'Rabu', '07:20:00'),
(1219, 201520162, 100, 38, 'A', 60, 1, 'Senin', '10:40:00'),
(1220, 201520162, 96, 38, 'A', 65, 1, 'Kamis', '09:50:00'),
(1221, 201620171, 18, 41, 'B', 65, 6, 'Kamis', '09:50:00'),
(1222, 201620171, 2, 46, 'A', 70, 6, 'Jum\'at', '09:00:00'),
(1223, 201620171, 16, 43, 'B', 40, 5, 'Selasa', '14:00:00'),
(1224, 201620171, 10, 47, 'A', 40, 5, 'Jum\'at', '14:00:00'),
(1225, 201620171, 37, 51, 'A', 40, 4, 'Kamis', '14:00:00'),
(1226, 201620171, 21, 44, 'A', 40, 4, 'Selasa', '11:30:00'),
(1227, 201620171, 12, 110, 'B', 35, 4, 'Selasa', '14:00:00'),
(1228, 201620171, 36, 51, 'B', 60, 3, 'Senin', '09:00:00'),
(1229, 201620171, 30, 42, 'A', 50, 3, 'Kamis', '07:20:00'),
(1230, 201620171, 27, 48, 'B', 50, 3, 'Jum\'at', '13:10:00'),
(1231, 201620171, 26, 48, 'B', 50, 3, 'Rabu', '10:40:00'),
(1232, 201620171, 25, 56, 'B', 50, 3, 'Rabu', '09:00:00'),
(1233, 201620171, 16, 47, 'A', 100, 3, 'Selasa', '13:10:00'),
(1234, 201620171, 14, 47, 'A', 65, 3, 'Selasa', '09:00:00'),
(1235, 201620171, 11, 58, 'B', 50, 3, 'Senin', '07:20:00'),
(1236, 201620171, 6, 73, 'A', 80, 3, 'Rabu', '13:10:00'),
(1237, 201620171, 3, 59, 'B', 50, 3, 'Rabu', '07:20:00'),
(1238, 201620171, 41, 43, 'B', 60, 2, 'Senin', '11:30:00'),
(1239, 201620171, 39, 41, 'B', 50, 2, 'Rabu', '09:00:00'),
(1240, 201620171, 31, 59, 'B', 60, 2, 'Kamis', '11:30:00'),
(1241, 201620171, 27, 48, 'A', 60, 2, 'Rabu', '12:20:00'),
(1242, 201620171, 25, 56, 'A', 50, 2, 'Senin', '13:10:00'),
(1243, 201620171, 24, 56, 'B', 50, 2, 'Kamis', '09:50:00'),
(1244, 201620171, 23, 53, 'A', 50, 2, 'Selasa', '11:30:00'),
(1245, 201620171, 14, 47, 'B', 60, 2, 'Selasa', '07:20:00'),
(1246, 201620171, 7, 58, 'A', 40, 33, 'Senin', '09:50:00'),
(1247, 201620171, 26, 44, 'A', 50, 1, 'Senin', '10:40:00'),
(1248, 201620171, 4, 41, 'A', 40, 33, 'Selasa', '12:20:00'),
(1249, 201620171, 12, 110, 'A', 80, 1, 'Selasa', '09:50:00'),
(1250, 201620171, 32, 47, 'B', 55, 20, 'Rabu', '07:20:00'),
(1251, 201620171, 29, 54, 'B', 50, 20, 'Senin', '12:20:00'),
(1252, 201620171, 14, 47, 'C', 50, 20, 'Jum\'at', '12:20:00'),
(1253, 201620171, 33, 50, 'A', 60, 19, 'Jum\'at', '12:20:00'),
(1254, 201620171, 32, 47, 'A', 55, 19, 'Senin', '14:00:00'),
(1255, 201620171, 24, 54, 'C', 65, 19, 'Kamis', '09:50:00'),
(1256, 201620171, 18, 41, 'A', 61, 19, 'Jum\'at', '07:20:00'),
(1257, 201620171, 9, 53, 'A', 70, 19, 'Kamis', '13:10:00'),
(1258, 201620171, 41, 43, 'A', 50, 17, 'Jum\'at', '07:20:00'),
(1259, 201620171, 36, 51, 'A', 50, 17, 'Rabu', '07:20:00'),
(1260, 201620171, 31, 59, 'A', 60, 17, 'Jum\'at', '08:10:00'),
(1261, 201620171, 30, 40, 'B', 60, 17, 'Kamis', '07:20:00'),
(1262, 201620171, 5, 59, 'B', 50, 17, 'Rabu', '13:10:00'),
(1263, 201620171, 5, 59, 'A', 50, 17, 'Selasa', '10:40:00'),
(1264, 201620171, 29, 54, 'C', 1, 15, 'Jum\'at', '09:00:00'),
(1265, 201620171, 11, 58, 'A', 40, 14, 'Kamis', '07:20:00'),
(1266, 201620171, 9, 53, 'B', 40, 13, 'Senin', '09:00:00'),
(1267, 201620171, 38, 49, 'B', 50, 10, 'Kamis', '11:30:00'),
(1268, 201620171, 38, 49, 'A', 50, 10, 'Rabu', '09:00:00'),
(1269, 201620171, 34, 57, 'A', 55, 10, 'Rabu', '14:00:00'),
(1270, 201620171, 29, 54, 'A', 50, 10, 'Selasa', '09:50:00'),
(1271, 201620171, 23, 53, 'B', 50, 10, 'Jum\'at', '13:10:00'),
(1272, 201620171, 17, 54, 'B', 60, 10, 'Senin', '08:10:00'),
(1273, 201620171, 17, 56, 'A', 60, 7, 'Senin', '07:20:00'),
(1274, 201620171, 16, 43, 'A', 50, 10, 'Kamis', '08:10:00'),
(1275, 201620171, 8, 51, 'A', 40, 10, 'Jum\'at', '09:50:00'),
(1276, 201620171, 2, 46, 'B', 70, 10, 'Kamis', '13:10:00'),
(1277, 201620171, 28, 40, 'A', 40, 9, 'Selasa', '07:20:00'),
(1278, 201620171, 19, 53, 'A', 40, 9, 'Senin', '11:30:00'),
(1279, 201620171, 39, 41, 'A', 60, 7, 'Rabu', '11:30:00'),
(1280, 201620171, 35, 58, 'B', 60, 7, 'Selasa', '08:10:00'),
(1281, 201620171, 34, 40, 'B', 50, 7, 'Jum\'at', '11:30:00'),
(1282, 201620171, 24, 56, 'A', 50, 7, 'Kamis', '14:00:00'),
(1283, 201620171, 22, 42, 'A', 50, 7, 'Jum\'at', '13:10:00'),
(1284, 201620171, 3, 59, 'A', 50, 7, 'Selasa', '12:20:00'),
(1285, 201620171, 35, 58, 'A', 60, 6, 'Jum\'at', '11:30:00'),
(1286, 201620171, 20, 103, 'B', 50, 6, 'Rabu', '11:30:00'),
(1287, 201620171, 20, 103, 'A', 50, 6, 'Selasa', '09:00:00'),
(1288, 201620171, 121, 33, 'B', 40, 33, 'Kamis', '07:20:00'),
(1289, 201620171, 115, 95, 'A', 35, 33, 'Jum\'at', '10:40:00'),
(1290, 201620171, 113, 92, 'A', 60, 20, 'Rabu', '12:20:00'),
(1291, 201620171, 117, 34, 'A', 80, 19, 'Jum\'at', '12:20:00'),
(1292, 201620171, 116, 36, 'A', 90, 19, 'Selasa', '08:10:00'),
(1293, 201620171, 94, 37, 'A', 70, 19, 'Rabu', '09:00:00'),
(1294, 201620171, 104, 36, 'B', 45, 18, 'Kamis', '13:10:00'),
(1295, 201620171, 114, 39, 'A', 70, 17, 'Selasa', '12:20:00'),
(1296, 201620171, 113, 92, 'B', 60, 17, 'Kamis', '13:10:00'),
(1297, 201620171, 109, 38, 'B', 45, 17, 'Rabu', '09:50:00'),
(1298, 201620171, 107, 94, 'B', 60, 17, 'Jum\'at', '13:10:00'),
(1299, 201620171, 95, 38, 'A', 60, 17, 'Selasa', '12:20:00'),
(1300, 201620171, 121, 34, 'A', 41, 14, 'Rabu', '08:10:00'),
(1301, 201620171, 119, 94, 'A', 45, 14, 'Selasa', '12:20:00'),
(1302, 201620171, 120, 39, 'A', 60, 10, 'Jum\'at', '13:10:00'),
(1303, 201620171, 123, 39, 'A', 30, 9, 'Kamis', '07:20:00'),
(1304, 201620171, 109, 34, 'A', 35, 9, 'Kamis', '09:50:00'),
(1305, 201620171, 108, 35, 'B', 35, 9, 'Senin', '13:10:00'),
(1306, 201620171, 104, 33, 'A', 45, 8, 'Senin', '11:30:00'),
(1307, 201620171, 99, 33, 'A', 45, 8, 'Selasa', '09:00:00'),
(1308, 201620171, 118, 94, 'A', 60, 7, 'Senin', '11:30:00'),
(1309, 201620171, 111, 35, 'A', 100, 6, 'Selasa', '14:00:00'),
(1310, 201620171, 107, 35, 'A', 50, 6, 'Jum\'at', '13:10:00'),
(1311, 201620171, 103, 19, 'A', 90, 6, 'Rabu', '08:10:00'),
(1312, 201620171, 96, 38, 'A', 65, 6, 'Senin', '10:40:00'),
(1313, 201620171, 93, 37, 'A', 80, 6, 'Selasa', '09:50:00'),
(1314, 201620171, 108, 34, 'A', 35, 5, 'Senin', '08:10:00'),
(1315, 201620171, 112, 15, 'A', 30, 4, 'Rabu', '08:10:00'),
(1316, 201620171, 97, 37, 'A', 30, 4, 'Senin', '10:40:00'),
(1317, 201620171, 124, 37, 'A', 90, 3, 'Kamis', '13:10:00'),
(1318, 201620171, 106, 38, 'A', 50, 3, 'Kamis', '13:10:00'),
(1319, 201620171, 100, 38, 'A', 60, 2, 'Kamis', '08:10:00'),
(1320, 201620171, 98, 36, 'A', 60, 3, 'Senin', '13:10:00'),
(1321, 201620171, 111, 33, 'B', 100, 2, 'Senin', '09:50:00'),
(1322, 201620171, 110, 36, 'A', 100, 1, 'Senin', '08:10:00'),
(1323, 201620171, 102, 111, 'A', 60, 1, 'Jum\'at', '12:20:00'),
(1324, 201620171, 92, 78, 'A', 80, 1, 'Kamis', '13:10:00'),
(1325, 201620171, 81, 28, 'A', 50, 7, 'Rabu', '09:00:00'),
(1326, 201620171, 72, 22, 'A', 40, 7, 'Kamis', '11:30:00'),
(1327, 201620171, 70, 98, 'A', 55, 7, 'Kamis', '09:00:00'),
(1328, 201620171, 49, 20, 'A', 60, 7, 'Selasa', '09:50:00'),
(1329, 201620171, 71, 28, 'B', 60, 6, 'Kamis', '14:00:00'),
(1330, 201620171, 70, 91, 'B', 55, 6, 'Rabu', '08:10:00'),
(1331, 201620171, 51, 22, 'A', 60, 6, 'Senin', '14:00:00'),
(1332, 201620171, 75, 25, 'A', 40, 5, 'Senin', '10:40:00'),
(1333, 201620171, 63, 111, 'B', 35, 5, 'Rabu', '13:10:00'),
(1334, 201620171, 61, 26, 'B', 40, 5, 'Jum\'at', '09:50:00'),
(1335, 201620171, 91, 25, 'B', 40, 4, 'Senin', '07:20:00'),
(1336, 201620171, 91, 25, 'A', 40, 4, 'Kamis', '12:20:00'),
(1337, 201620171, 80, 28, 'A', 30, 4, 'Senin', '14:00:00'),
(1338, 201620171, 57, 22, 'A', 40, 4, 'Rabu', '11:30:00'),
(1339, 201620171, 43, 28, 'A', 90, 3, 'Jum\'at', '11:30:00'),
(1340, 201620171, 90, 28, 'B', 50, 2, 'Rabu', '07:20:00'),
(1341, 201620171, 81, 28, 'B', 50, 2, 'Jum\'at', '13:10:00'),
(1342, 201620171, 78, 107, 'A', 90, 2, 'Senin', '08:10:00'),
(1343, 201620171, 63, 111, 'A', 50, 2, 'Kamis', '13:10:00'),
(1344, 201620171, 62, 21, 'B', 60, 2, 'Jum\'at', '07:20:00'),
(1345, 201620171, 62, 21, 'A', 60, 2, 'Selasa', '10:40:00'),
(1346, 201620171, 89, 22, 'A', 65, 1, 'Selasa', '11:30:00'),
(1347, 201620171, 86, 20, 'A', 50, 1, 'Kamis', '09:00:00'),
(1348, 201620171, 73, 23, 'A', 60, 1, 'Jum\'at', '07:20:00'),
(1349, 201620171, 67, 81, 'B', 60, 1, 'Kamis', '07:20:00'),
(1350, 201620171, 61, 26, 'A', 60, 1, 'Kamis', '10:40:00'),
(1351, 201620171, 49, 20, 'B', 60, 1, 'Senin', '12:20:00'),
(1352, 201620171, 56, 20, 'B', 40, 33, 'Rabu', '14:00:00'),
(1353, 201620171, 79, 101, 'A', 50, 19, 'Selasa', '09:00:00'),
(1354, 201620171, 64, 104, 'A', 60, 19, 'Senin', '10:40:00'),
(1355, 201620171, 54, 113, 'A', 90, 19, 'Rabu', '07:20:00'),
(1356, 201620171, 52, 21, 'A', 60, 19, 'Kamis', '07:20:00'),
(1357, 201620171, 46, 68, 'A', 90, 19, 'Kamis', '10:40:00'),
(1358, 201620171, 42, 73, 'A', 60, 19, 'Selasa', '14:00:00'),
(1359, 201620171, 79, 101, 'B', 35, 18, 'Jum\'at', '10:40:00'),
(1360, 201620171, 67, 111, 'A', 40, 18, 'Kamis', '07:20:00'),
(1361, 201620171, 64, 104, 'B', 40, 18, 'Selasa', '12:20:00'),
(1362, 201620171, 48, 22, 'A', 30, 18, 'Jum\'at', '14:00:00'),
(1363, 201620171, 46, 68, 'B', 33, 18, 'Senin', '10:40:00'),
(1364, 201620171, 82, 25, 'B', 50, 17, 'Senin', '13:10:00'),
(1365, 201620171, 45, 28, 'B', 60, 17, 'Senin', '09:00:00'),
(1366, 201620171, 60, 111, 'A', 30, 16, 'Rabu', '07:20:00'),
(1367, 201620171, 55, 23, 'A', 30, 16, 'Kamis', '07:20:00'),
(1368, 201620171, 50, 28, 'A', 30, 16, 'Rabu', '11:30:00'),
(1369, 201620171, 53, 21, 'A', 30, 15, 'Rabu', '13:10:00'),
(1370, 201620171, 87, 28, 'A', 30, 14, 'Jum\'at', '09:50:00'),
(1371, 201620171, 86, 20, 'B', 40, 13, 'Jum\'at', '11:30:00'),
(1372, 201620171, 75, 25, 'B', 40, 13, 'Selasa', '08:10:00'),
(1373, 201620171, 74, 26, 'A', 30, 13, 'Rabu', '13:10:00'),
(1374, 201620171, 71, 28, 'A', 40, 13, 'Kamis', '07:20:00'),
(1375, 201620171, 56, 20, 'A', 40, 13, 'Rabu', '09:00:00'),
(1376, 201620171, 47, 20, 'A', 30, 13, 'Jum\'at', '09:50:00'),
(1377, 201620171, 44, 21, 'A', 40, 13, 'Rabu', '10:40:00'),
(1378, 201620171, 76, 20, 'A', 30, 11, 'Kamis', '13:10:00'),
(1379, 201620171, 82, 25, 'A', 60, 10, 'Rabu', '10:40:00'),
(1380, 201620171, 65, 26, 'A', 50, 10, 'Senin', '12:20:00'),
(1381, 201620171, 58, 28, 'A', 65, 10, 'Kamis', '09:50:00'),
(1382, 201620171, 57, 22, 'B', 40, 10, 'Selasa', '13:10:00'),
(1383, 201620171, 83, 25, 'A', 30, 9, 'Jum\'at', '14:00:00'),
(1384, 201620171, 66, 23, 'A', 30, 9, 'Rabu', '09:50:00'),
(1385, 201620171, 59, 20, 'B', 40, 9, 'Senin', '07:20:00'),
(1386, 201620171, 84, 21, 'A', 30, 8, 'Rabu', '08:10:00'),
(1387, 201620171, 73, 23, 'B', 40, 8, 'Rabu', '12:20:00'),
(1388, 201620171, 90, 28, 'A', 40, 7, 'Selasa', '14:00:00'),
(1389, 201620171, 127, 5, 'A', 50, 7, 'Rabu', '07:20:00'),
(1390, 201620171, 162, 7, 'A', 60, 6, 'Rabu', '13:10:00'),
(1391, 201620171, 138, 2, 'A', 60, 6, 'Senin', '09:00:00'),
(1392, 201620171, 130, 3, 'A', 50, 6, 'Kamis', '08:10:00'),
(1393, 201620171, 159, 15, 'A', 30, 5, 'Selasa', '10:40:00'),
(1394, 201620171, 140, 9, 'A', 35, 4, 'Jum\'at', '09:50:00'),
(1395, 201620171, 150, 13, 'A', 50, 3, 'Selasa', '07:20:00'),
(1396, 201620171, 143, 5, 'A', 50, 3, 'Senin', '13:10:00'),
(1397, 201620171, 137, 12, 'C', 60, 3, 'Selasa', '10:40:00'),
(1398, 201620171, 130, 8, 'B', 50, 3, 'Jum\'at', '08:10:00'),
(1399, 201620171, 125, 2, 'B', 50, 3, 'Senin', '11:30:00'),
(1400, 201620171, 150, 16, 'B', 60, 2, 'Jum\'at', '11:30:00'),
(1401, 201620171, 142, 19, 'A', 50, 2, 'Selasa', '13:10:00'),
(1402, 201620171, 133, 106, 'A', 100, 2, 'Selasa', '09:00:00'),
(1403, 201620171, 125, 19, 'A', 50, 2, 'Rabu', '10:40:00'),
(1404, 201620171, 163, 18, 'A', 61, 1, 'Selasa', '08:10:00'),
(1405, 201620171, 153, 14, 'A', 50, 1, 'Selasa', '13:10:00'),
(1406, 201620171, 149, 3, 'A', 100, 1, 'Senin', '10:40:00'),
(1407, 201620171, 147, 12, 'A', 50, 1, 'Rabu', '12:20:00'),
(1408, 201620171, 139, 7, 'A', 60, 1, 'Rabu', '07:20:00'),
(1409, 201620171, 137, 15, 'D', 60, 1, 'Senin', '14:00:00'),
(1410, 201620171, 129, 67, 'B', 60, 1, 'Jum\'at', '14:00:00'),
(1411, 201620171, 156, 3, 'A', 45, 33, 'Jum\'at', '13:10:00'),
(1412, 201620171, 127, 7, 'B', 45, 33, 'Kamis', '10:40:00'),
(1413, 201620171, 161, 99, 'B', 50, 20, 'Kamis', '13:10:00'),
(1414, 201620171, 161, 99, 'A', 45, 20, 'Jum\'at', '09:00:00'),
(1415, 201620171, 152, 17, 'A', 60, 20, 'Selasa', '07:20:00'),
(1416, 201620171, 148, 6, 'A', 50, 20, 'Kamis', '08:10:00'),
(1417, 201620171, 147, 12, 'B', 60, 20, 'Kamis', '09:50:00'),
(1418, 201620171, 143, 18, 'B', 50, 20, 'Senin', '09:00:00'),
(1419, 201620171, 129, 115, 'A', 60, 20, 'Rabu', '09:00:00'),
(1420, 201620171, 162, 17, 'B', 52, 19, 'Rabu', '13:10:00'),
(1421, 201620171, 160, 6, 'A', 50, 19, 'Senin', '08:10:00'),
(1422, 201620171, 138, 13, 'B', 60, 19, 'Rabu', '11:30:00'),
(1423, 201620171, 128, 9, 'A', 50, 19, 'Selasa', '10:40:00'),
(1424, 201620171, 165, 18, 'A', 40, 18, 'Selasa', '09:50:00'),
(1425, 201620171, 126, 9, 'A', 40, 18, 'Rabu', '09:50:00'),
(1426, 201620171, 163, 6, 'B', 57, 17, 'Selasa', '08:10:00'),
(1427, 201620171, 142, 15, 'B', 50, 17, 'Jum\'at', '09:50:00'),
(1428, 201620171, 139, 10, 'B', 50, 17, 'Rabu', '07:20:00'),
(1429, 201620171, 134, 87, 'A', 60, 17, 'Senin', '10:40:00'),
(1430, 201620171, 141, 14, 'A', 30, 16, 'Jum\'at', '13:10:00'),
(1431, 201620171, 154, 13, 'A', 30, 15, 'Selasa', '10:40:00'),
(1432, 201620171, 158, 14, 'B', 45, 14, 'Jum\'at', '07:20:00'),
(1433, 201620171, 156, 12, 'B', 45, 14, 'Kamis', '14:00:00'),
(1434, 201620171, 137, 10, 'A', 45, 14, 'Kamis', '10:40:00'),
(1435, 201620171, 146, 15, 'A', 45, 13, 'Selasa', '13:10:00'),
(1436, 201620171, 157, 8, 'A', 30, 12, 'Kamis', '12:20:00'),
(1437, 201620171, 155, 10, 'A', 30, 12, 'Senin', '11:30:00'),
(1438, 201620171, 136, 10, 'A', 30, 12, 'Rabu', '10:40:00'),
(1439, 201620171, 145, 2, 'A', 30, 11, 'Rabu', '09:50:00'),
(1440, 201620171, 144, 3, 'A', 30, 11, 'Kamis', '10:40:00'),
(1441, 201620171, 131, 13, 'A', 50, 10, 'Senin', '14:00:00'),
(1442, 201620171, 151, 17, 'A', 30, 9, 'Jum\'at', '11:30:00'),
(1443, 201620171, 137, 16, 'B', 45, 8, 'Selasa', '11:30:00'),
(1444, 201620171, 164, 16, 'A', 45, 7, 'Senin', '09:00:00'),
(1445, 201620171, 158, 3, 'A', 50, 7, 'Rabu', '13:10:00'),
(1446, 201620171, 148, 16, 'B', 50, 7, 'Kamis', '09:00:00'),
(1447, 201620171, 128, 6, 'B', 50, 7, 'Jum\'at', '07:20:00'),
(1448, 201920202, 92, 78, '', 80, 2, 'Selasa', '11:30:00'),
(1449, 201920202, 93, 37, '', 80, 6, 'Jum\'at', '12:20:00'),
(1450, 201920202, 94, 37, '', 70, 19, 'Jum\'at', '09:00:00'),
(1451, 201920202, 95, 38, '', 60, 2, 'Rabu', '13:10:00'),
(1452, 201920202, 96, 38, '', 65, 10, 'Senin', '07:20:00'),
(1453, 201920202, 97, 37, '', 30, 16, 'Kamis', '13:10:00'),
(1454, 201920202, 98, 36, '', 60, 17, 'Jum\'at', '09:50:00'),
(1455, 201920202, 99, 33, '', 45, 33, 'Jum\'at', '09:50:00'),
(1456, 201920202, 100, 38, '', 60, 7, 'Selasa', '13:10:00'),
(1457, 201920202, 101, 35, '', 33, 3, 'Selasa', '11:30:00'),
(1458, 201920202, 102, 111, '', 60, 2, 'Senin', '10:40:00'),
(1459, 201920202, 103, 19, '', 90, 33, 'Kamis', '11:30:00'),
(1460, 201920202, 104, 33, '', 45, 6, 'Kamis', '12:20:00'),
(1461, 201920202, 104, 36, '', 45, 19, 'Selasa', '10:40:00'),
(1462, 201920202, 106, 38, '', 50, 2, 'Kamis', '08:10:00'),
(1463, 201920202, 107, 35, '', 50, 7, 'Senin', '08:10:00'),
(1464, 201920202, 107, 94, '', 60, 20, 'Selasa', '13:10:00'),
(1465, 201920202, 108, 35, '', 35, 5, 'Rabu', '13:10:00'),
(1466, 201920202, 108, 34, '', 35, 6, 'Rabu', '07:20:00'),
(1467, 201920202, 109, 38, '', 45, 14, 'Jum\'at', '09:50:00'),
(1468, 201920202, 109, 34, '', 35, 6, 'Senin', '12:20:00'),
(1469, 201920202, 110, 36, '', 100, 3, 'Jum\'at', '07:20:00'),
(1470, 201920202, 111, 33, '', 100, 3, 'Rabu', '13:10:00'),
(1471, 201920202, 111, 35, '', 100, 19, 'Kamis', '09:50:00'),
(1472, 201920202, 112, 15, '', 30, 19, 'Senin', '13:10:00'),
(1473, 201920202, 113, 92, '', 60, 19, 'Rabu', '09:50:00'),
(1474, 201920202, 113, 92, '', 60, 6, 'Selasa', '11:30:00'),
(1475, 201920202, 114, 39, '', 70, 10, 'Selasa', '07:20:00'),
(1476, 201920202, 115, 95, '', 35, 18, 'Jum\'at', '12:20:00'),
(1477, 201920202, 116, 36, '', 90, 2, 'Kamis', '12:20:00'),
(1478, 201920202, 117, 34, '', 80, 2, 'Selasa', '13:10:00'),
(1479, 201920202, 118, 94, '', 60, 20, 'Senin', '07:20:00'),
(1480, 201920202, 119, 94, '', 45, 13, 'Selasa', '07:20:00'),
(1481, 201920202, 120, 39, '', 60, 7, 'Jum\'at', '11:30:00'),
(1482, 201920202, 121, 34, '', 41, 1, 'Rabu', '10:40:00'),
(1483, 201920202, 121, 33, '', 40, 14, 'Senin', '13:10:00'),
(1484, 201920202, 123, 39, '', 30, 8, 'Rabu', '10:40:00'),
(1485, 201920202, 124, 37, '', 90, 1, 'Selasa', '07:20:00');

-- --------------------------------------------------------

--
-- Struktur dari tabel `kelas`
--

CREATE TABLE `kelas` (
  `id_kelas` int(3) NOT NULL,
  `id_kuliah` int(3) NOT NULL,
  `id_dosen` int(3) NOT NULL,
  `kelas` varchar(1) NOT NULL,
  `kapasitas` int(3) NOT NULL
) ENGINE=InnoDB DEFAULT CHARSET=latin1;

--
-- Dumping data untuk tabel `kelas`
--

INSERT INTO `kelas` (`id_kelas`, `id_kuliah`, `id_dosen`, `kelas`, `kapasitas`) VALUES
(1, 70, 98, 'A', 55),
(2, 46, 68, 'A', 90),
(3, 67, 111, 'A', 40),
(4, 82, 25, 'A', 60),
(5, 63, 111, 'A', 50),
(6, 62, 21, 'A', 60),
(7, 79, 101, 'A', 50),
(8, 65, 26, 'A', 50),
(9, 81, 28, 'A', 50),
(10, 86, 20, 'A', 50),
(11, 73, 23, 'A', 60),
(12, 104, 36, 'B', 45),
(13, 91, 25, 'A', 40),
(14, 64, 104, 'A', 60),
(15, 49, 20, 'A', 60),
(16, 71, 28, 'A', 40),
(17, 61, 26, 'A', 60),
(18, 90, 28, 'A', 40),
(19, 75, 25, 'A', 40),
(20, 57, 22, 'A', 40),
(21, 111, 35, 'A', 100),
(22, 52, 21, 'A', 60),
(23, 89, 22, 'A', 65),
(24, 51, 22, 'A', 60),
(25, 58, 28, 'A', 65),
(26, 54, 113, 'A', 90),
(27, 56, 20, 'A', 40),
(28, 43, 28, 'A', 90),
(30, 66, 23, 'A', 30),
(31, 87, 28, 'A', 30),
(32, 84, 21, 'A', 30),
(33, 72, 22, 'A', 40),
(34, 83, 25, 'A', 30),
(35, 44, 21, 'A', 40),
(36, 55, 23, 'A', 30),
(37, 50, 28, 'A', 30),
(38, 74, 26, 'A', 30),
(39, 76, 20, 'A', 30),
(40, 80, 28, 'A', 30),
(41, 53, 21, 'A', 30),
(42, 48, 22, 'A', 30),
(46, 60, 111, 'A', 30),
(47, 47, 20, 'A', 30),
(48, 78, 107, 'A', 90),
(49, 42, 73, 'A', 60),
(51, 67, 81, 'B', 60),
(52, 71, 28, 'B', 60),
(53, 70, 91, 'B', 55),
(54, 82, 25, 'B', 50),
(55, 46, 68, 'B', 33),
(56, 57, 22, 'B', 40),
(57, 59, 20, 'B', 40),
(58, 62, 21, 'B', 60),
(59, 63, 111, 'B', 35),
(60, 45, 28, 'B', 60),
(61, 86, 20, 'B', 40),
(62, 91, 25, 'B', 40),
(63, 79, 101, 'B', 35),
(64, 56, 20, 'B', 40),
(65, 64, 104, 'B', 40),
(66, 49, 20, 'B', 60),
(67, 73, 23, 'B', 40),
(68, 81, 28, 'B', 50),
(69, 61, 26, 'B', 40),
(70, 90, 28, 'B', 50),
(71, 75, 25, 'B', 40),
(72, 20, 103, 'A', 50),
(73, 27, 48, 'A', 60),
(74, 17, 56, 'A', 60),
(75, 29, 54, 'A', 50),
(76, 5, 59, 'A', 50),
(77, 38, 49, 'A', 50),
(78, 28, 40, 'A', 40),
(79, 2, 46, 'A', 63),
(80, 37, 51, 'A', 40),
(81, 19, 53, 'A', 40),
(82, 33, 50, 'A', 60),
(83, 3, 59, 'A', 50),
(84, 6, 73, 'A', 80),
(85, 34, 57, 'A', 55),
(86, 7, 58, 'A', 40),
(87, 12, 110, 'A', 80),
(88, 16, 43, 'A', 50),
(89, 36, 51, 'A', 50),
(90, 23, 53, 'A', 50),
(91, 11, 58, 'A', 40),
(92, 35, 58, 'A', 60),
(93, 24, 56, 'A', 50),
(94, 41, 43, 'A', 50),
(95, 32, 47, 'A', 55),
(96, 9, 53, 'A', 70),
(97, 8, 51, 'A', 40),
(98, 10, 47, 'A', 40),
(100, 26, 44, 'A', 50),
(101, 18, 41, 'A', 61),
(103, 39, 41, 'A', 60),
(104, 30, 42, 'A', 50),
(105, 14, 47, 'A', 65),
(106, 31, 59, 'A', 60),
(109, 25, 56, 'A', 50),
(110, 16, 47, 'A', 100),
(111, 21, 44, 'A', 40),
(112, 22, 42, 'A', 50),
(113, 4, 41, 'A', 40),
(114, 5, 59, 'B', 50),
(115, 3, 59, 'B', 50),
(116, 2, 46, 'B', 70),
(117, 27, 48, 'B', 50),
(118, 17, 54, 'B', 60),
(119, 29, 54, 'B', 50),
(120, 34, 40, 'B', 50),
(121, 41, 43, 'B', 60),
(122, 38, 49, 'B', 50),
(123, 23, 53, 'B', 50),
(124, 11, 58, 'B', 50),
(125, 36, 51, 'B', 60),
(126, 12, 110, 'B', 35),
(127, 16, 43, 'B', 40),
(128, 20, 103, 'B', 50),
(129, 35, 58, 'B', 60),
(130, 24, 56, 'B', 50),
(131, 32, 47, 'B', 55),
(132, 9, 53, 'B', 40),
(133, 39, 41, 'B', 50),
(134, 18, 41, 'B', 65),
(135, 26, 48, 'B', 50),
(136, 31, 59, 'B', 60),
(137, 14, 47, 'B', 60),
(138, 30, 40, 'B', 60),
(139, 25, 56, 'B', 50),
(141, 29, 54, 'C', 1),
(142, 24, 54, 'C', 65),
(143, 14, 47, 'C', 50),
(144, 111, 33, 'B', 100),
(145, 121, 34, 'A', 41),
(146, 107, 35, 'A', 50),
(147, 92, 78, 'A', 80),
(148, 93, 37, 'A', 80),
(149, 113, 92, 'A', 60),
(150, 102, 111, 'A', 60),
(151, 124, 37, 'A', 90),
(152, 112, 15, 'A', 30),
(153, 103, 19, 'A', 90),
(154, 108, 34, 'A', 35),
(155, 98, 36, 'A', 60),
(156, 116, 36, 'A', 90),
(157, 110, 36, 'A', 100),
(158, 123, 39, 'A', 30),
(159, 94, 37, 'A', 70),
(160, 119, 94, 'A', 45),
(161, 115, 95, 'A', 35),
(162, 109, 34, 'A', 35),
(163, 100, 38, 'A', 60),
(164, 104, 33, 'A', 45),
(165, 117, 34, 'A', 80),
(166, 95, 38, 'A', 60),
(167, 114, 39, 'A', 70),
(168, 96, 38, 'A', 65),
(169, 97, 37, 'A', 30),
(170, 106, 38, 'A', 50),
(171, 118, 94, 'A', 60),
(172, 120, 39, 'A', 60),
(173, 99, 33, 'A', 45),
(177, 113, 92, 'B', 60),
(178, 108, 35, 'B', 35),
(179, 107, 94, 'B', 60),
(180, 121, 33, 'B', 40),
(181, 109, 38, 'B', 45),
(182, 130, 3, 'A', 50),
(183, 142, 19, 'A', 50),
(184, 139, 7, 'A', 60),
(185, 164, 16, 'A', 45),
(186, 152, 17, 'A', 60),
(187, 140, 9, 'A', 35),
(188, 133, 106, 'A', 100),
(189, 126, 9, 'A', 40),
(190, 150, 13, 'A', 50),
(191, 127, 5, 'A', 50),
(193, 145, 2, 'A', 30),
(194, 160, 6, 'A', 50),
(195, 162, 7, 'A', 60),
(196, 165, 18, 'A', 40),
(197, 138, 2, 'A', 60),
(198, 156, 3, 'A', 45),
(199, 128, 9, 'A', 50),
(201, 159, 15, 'A', 30),
(203, 146, 15, 'A', 45),
(204, 136, 10, 'A', 30),
(206, 158, 3, 'A', 50),
(207, 125, 19, 'A', 50),
(208, 147, 12, 'A', 50),
(209, 157, 8, 'A', 30),
(210, 137, 10, 'A', 45),
(211, 163, 18, 'A', 61),
(213, 151, 17, 'A', 30),
(215, 144, 3, 'A', 30),
(217, 143, 5, 'A', 50),
(218, 155, 10, 'A', 30),
(219, 148, 6, 'A', 50),
(220, 131, 13, 'A', 50),
(221, 154, 13, 'A', 30),
(222, 134, 87, 'A', 60),
(223, 161, 99, 'A', 45),
(224, 129, 115, 'A', 60),
(225, 141, 14, 'A', 30),
(231, 153, 14, 'A', 50),
(233, 149, 3, 'A', 100),
(234, 130, 8, 'B', 50),
(235, 142, 15, 'B', 50),
(236, 139, 10, 'B', 50),
(237, 127, 7, 'B', 45),
(238, 162, 17, 'B', 52),
(239, 128, 6, 'B', 50),
(240, 138, 13, 'B', 60),
(241, 156, 12, 'B', 45),
(242, 125, 2, 'B', 50),
(243, 163, 6, 'B', 57),
(244, 137, 16, 'B', 45),
(245, 147, 12, 'B', 60),
(246, 150, 16, 'B', 60),
(247, 148, 16, 'B', 50),
(248, 143, 18, 'B', 50),
(249, 158, 14, 'B', 45),
(250, 161, 99, 'B', 50),
(251, 129, 67, 'B', 60),
(252, 161, 114, 'C', 50),
(253, 137, 12, 'C', 60),
(254, 137, 15, 'D', 60),
(255, 161, 114, 'D', 50),
(256, 101, 35, 'A', 33);

-- --------------------------------------------------------

--
-- Struktur dari tabel `konflik`
--

CREATE TABLE `konflik` (
  `id_konflik` int(3) NOT NULL,
  `id_jadwal` int(3) NOT NULL,
  `id_batasan` int(3) NOT NULL,
  `id_jadwal2` int(11) NOT NULL
) ENGINE=InnoDB DEFAULT CHARSET=latin1;

-- --------------------------------------------------------

--
-- Struktur dari tabel `mata_kuliah`
--

CREATE TABLE `mata_kuliah` (
  `id_kuliah` int(3) NOT NULL,
  `kd_kuliah` varchar(10) NOT NULL,
  `nama_kuliah` varchar(30) NOT NULL,
  `sks` int(2) NOT NULL,
  `semester` int(2) NOT NULL,
  `id_prodi` int(3) NOT NULL
) ENGINE=InnoDB DEFAULT CHARSET=latin1;

--
-- Dumping data untuk tabel `mata_kuliah`
--

INSERT INTO `mata_kuliah` (`id_kuliah`, `kd_kuliah`, `nama_kuliah`, `sks`, `semester`, `id_prodi`) VALUES
(2, 'TKS12208', 'Analisis Struktur I', 3, 2, 4),
(3, 'TKS12404', 'Analisis Struktur II', 2, 4, 4),
(4, 'TKS12639', 'Analisis Struktur Jembatan', 2, 0, 4),
(5, 'TKS12601', 'Analisis Struktur Metode Matri', 2, 6, 4),
(6, 'TKS12202', 'Bahasa Indonesia', 2, 2, 4),
(7, 'TKS12633', 'Bangunan Tenaga Air', 2, 0, 4),
(8, 'TKS12640', 'Desain Plastis', 2, 0, 4),
(9, 'TKS12406', 'Ekonomi Teknik', 2, 4, 4),
(10, 'TKS12642', 'Ekonomi Transportasi', 2, 0, 4),
(11, 'TKS12403', 'Hidraulika', 2, 4, 4),
(12, 'UNO114', 'Jatidiri Unsoed', 2, 2, 4),
(13, 'TKS12706', 'Kerja Praktik', 4, 6, 4),
(14, 'TKS12605', 'Keselamatan Transportasi dan L', 2, 6, 4),
(15, 'UNO113', 'Kuliah Kerja Nyata', 3, 6, 4),
(16, 'TKS12606', 'Manajemen Konstruksi', 2, 6, 4),
(17, 'TKS12207', 'Mekanika Fluida', 3, 2, 4),
(18, 'TKS12408', 'Metode Numerik', 2, 4, 4),
(19, 'TKS12637', 'Metode Pelaksanaan Konstruksi', 2, 0, 4),
(20, 'TKS12201', 'Olah Raga', 1, 4, 4),
(21, 'TKS12641', 'Pelabuhan Udara', 2, 0, 4),
(22, 'TKS12632', 'Pemodelan Geoteknik', 2, 0, 4),
(23, 'TKS12204', 'Pemrograman Komputer', 2, 2, 4),
(24, 'TKS12607', 'Pengembangan Sumber Daya Air', 2, 6, 4),
(25, 'TKS12603', 'Perancangan Bangunan Air', 2, 6, 4),
(26, 'TKS12507', 'Perancangan Jalan Raya', 2, 6, 4),
(27, 'TKS12402', 'Perencanaan Perkerasan Jalan', 2, 4, 4),
(28, 'TKS12631', 'Perkuatan Tanah', 2, 0, 4),
(29, 'TKS12401', 'Persamaan Differensial', 3, 4, 4),
(30, 'TKS12210', 'Praktikum Pemetaan dan Sistem ', 6, 2, 4),
(31, 'TKS12604', 'Rekayasa Bangunan Tahan Gempa', 2, 6, 4),
(32, 'TKS12203', 'Rekayasa Lalu Lintas', 2, 2, 4),
(33, 'TKS12635', 'Rekayasa Pantai', 2, 0, 4),
(34, 'TKS12407', 'Rekayasa Pondasi', 2, 4, 4),
(35, 'TKS12205', 'Statistika dan Probabilitas', 2, 2, 4),
(36, 'TKS12602', 'Struktur Baja', 2, 6, 4),
(37, 'TKS12638', 'Struktur Beton Lanjut', 2, 0, 4),
(38, 'TKS12405', 'Struktur Kayu dan Bambu', 2, 4, 4),
(39, 'TKS12206', 'Teknologi Bahan', 2, 2, 4),
(40, 'TKS12801', 'Tugas Akhir', 4, 8, 4),
(41, 'TKS12209', 'Tugas Gambar Struktur Bangunan', 1, 2, 4),
(42, 'UNO 108 ', 'Bahasa Indonesia ', 2, 2, 3),
(43, 'TKG13329 ', 'Ekskursi Geologi ', 2, 6, 3),
(44, 'TKG13453 ', 'Eksplorasi Batubara ', 2, 0, 3),
(45, 'TKG13223 ', 'Endapan Mineral ', 2, 4, 3),
(46, 'TKG13122 ', 'Fisika II ', 3, 2, 3),
(47, 'TKG13420 ', 'Geo Fluida ', 2, 0, 3),
(48, 'TKG13476 ', 'Geokimia Hidrokarbon ', 2, 0, 3),
(49, 'TKG13226 ', 'Geokomputasi ', 2, 4, 3),
(50, 'TKG13456 ', 'Geologi Batu Mulia ', 3, 0, 3),
(51, 'TKG13325 ', 'Geologi Bawah Permukaan ', 2, 6, 3),
(52, 'TKG13323 ', 'Geologi Indonesia ', 2, 6, 3),
(53, 'TKG13473 ', 'Geologi Kelautan ', 2, 0, 3),
(54, 'TKG13327 ', 'Geologi Kewirausahaan ', 2, 6, 3),
(55, 'TKG13454 ', 'Geologi Kuarter ', 2, 0, 3),
(56, 'TKG13328 ', 'Geologi Lingkungan ', 2, 6, 3),
(57, 'TKG13321 ', 'Geologi Migas ', 3, 6, 3),
(58, 'TKG13326 ', 'Geologi Mineral Industri ', 2, 6, 3),
(59, 'TKG13322 ', 'Geologi Panas Bumi ', 2, 6, 3),
(60, 'TKG13503 ', 'Geologi Pengembangan Wilayah ', 5, 0, 3),
(61, 'TKG13228 ', 'Geologi Sejarah ', 2, 4, 3),
(62, 'TKG13126 ', 'Geologi Struktur ', 3, 2, 3),
(63, 'TKG13125 ', 'Geomorfologi ', 3, 2, 3),
(64, 'TKG13225 ', 'Geopedologi ', 2, 4, 3),
(65, 'TKG13211 ', 'Geostatistika ', 2, 0, 3),
(66, 'TKG13431 ', 'Geowisata ', 2, 0, 3),
(67, 'TKG13123 ', 'Kimia Fisika ', 2, 2, 3),
(68, 'TKG13498 ', 'Kolokium ', 3, 8, 3),
(69, 'UNO 113 ', 'Kuliah Kerja Nyata (KKN) ', 3, 6, 3),
(70, 'TKG13121 ', 'Matematika II ', 2, 2, 3),
(71, 'TKG13227 ', 'Metode Geologi Lapangan ', 2, 4, 3),
(72, 'TKG13443 ', 'Metode Perhitungan Cadangan ', 2, 0, 3),
(73, 'TKG13222 ', 'Mikropaleontologi ', 3, 4, 3),
(74, 'TKG13457 ', 'Palinologi ', 2, 0, 3),
(75, 'TKG13317 ', 'Pemetaan Geologi ', 3, 6, 3),
(76, 'TKG13465 ', 'Pemodelan air tanah ', 2, 0, 3),
(77, 'TKG13499 ', 'Pendadaran ', 3, 8, 3),
(78, 'UNO 101 ', 'Pendidikan Pancasila ', 2, 2, 3),
(79, 'TKG13127 ', 'Pengetahuan Lingkungan ', 2, 2, 3),
(80, 'TKG13471 ', 'Petrogenesis ', 2, 0, 3),
(81, 'TKG13216 ', 'Petrografi ', 3, 4, 3),
(82, 'TKG13124 ', 'Petrologi ', 3, 2, 3),
(83, 'TKG13445 ', 'Petrologi batuan beku dan meta', 2, 0, 3),
(84, 'TKG13441 ', 'Petrologi Batuan Karbonat ', 2, 0, 3),
(85, 'TKG13413 ', 'Praktek Kerja Lapangan ', 3, 6, 3),
(86, 'TKG13221 ', 'Prinsip Stratigrafi ', 2, 4, 3),
(87, 'TKG13432 ', 'Reklamasi dan Konservasi Lahan', 2, 0, 3),
(88, 'TKG13497 ', 'Skripsi ', 3, 8, 3),
(89, 'TKG13324 ', 'Stratigrafi Analisis ', 2, 6, 3),
(90, 'TKG13229 ', 'Tektonika ', 2, 4, 3),
(91, 'TKG13224 ', 'Volkanologi ', 2, 4, 3),
(92, 'TIF13125 ', 'Bahasa Inggris II ', 2, 2, 1),
(93, 'TIF13126 ', 'Cybercrime ', 2, 2, 1),
(94, 'TIF13227 ', 'E-Commerce ', 3, 0, 1),
(95, 'TIF133213 ', 'Ethical Hacking and Counter Me', 3, 0, 1),
(96, 'TIF13323 ', 'Etika Profesi ', 3, 4, 1),
(97, 'TIF13324 ', 'Informatika Medik ', 3, 0, 1),
(98, 'TIF13223 ', 'Jaringan Komputer ', 3, 4, 1),
(99, 'TIF13328 ', 'Kapita Selekta Informatika ', 3, 0, 1),
(100, 'TIF133210 ', 'Keamanan Jaringan dan Komputer', 3, 4, 1),
(101, 'TIF13411 ', 'Kerja Praktek ', 3, 6, 1),
(102, 'TIF13128 ', 'Kimia ', 2, 0, 1),
(103, 'TIF13222 ', 'Komunikasi Data ', 3, 4, 1),
(104, 'TIF133211 ', 'Kriptografi ', 3, 0, 1),
(105, 'UNO413 ', 'Kuliah Kerja Nyata ', 3, 6, 1),
(106, 'TIF13325 ', 'Manajemen Proyek Sistem Inform', 3, 6, 1),
(107, 'TIF13123 ', 'Matematika Diskrit ', 3, 2, 1),
(108, 'TIF132221 ', 'Metode Numerik ', 3, 0, 1),
(109, 'TIF13321 ', 'Metode Penelitian Informatika ', 2, 6, 1),
(110, 'TIF13225 ', 'Pemrograman Berbasis Web ', 3, 4, 1),
(111, 'TIF13121 ', 'Pengantar Basis Data ', 2, 2, 1),
(112, 'TIF132211 ', 'Pengolahan Citra Digital ', 3, 0, 1),
(113, 'TIF13127 ', 'Probabilitas dan Statistika ', 2, 4, 1),
(114, 'TIF13322 ', 'Rekayasa Perangkat Lunak ', 3, 6, 1),
(115, 'TIF13229 ', 'Riset Operasi ', 3, 0, 1),
(116, 'TIF13224 ', 'Sistem Basis Data ', 3, 0, 1),
(117, 'TIF133212 ', 'Sistem Informasi Geografis ', 3, 0, 1),
(118, 'TIF13326 ', 'Sistem Neuro Fuzzy ', 3, 6, 1),
(119, 'TIF13228 ', 'Sistem Pakar ', 3, 4, 1),
(120, 'TIF13327 ', 'Sistem Pendukung Pengambil Kep', 3, 6, 1),
(121, 'TIF13122 ', 'Struktur Data ', 3, 2, 1),
(122, 'TIF13421 ', 'Tugas Akhir ', 3, 8, 1),
(123, 'TIF13226 ', 'Uji Kualitas Perangkat Lunak ', 3, 6, 1),
(124, 'TIF132210 ', 'Web Design ', 3, 0, 1),
(125, 'TKE131206 ', 'Algoritma dan Struktur Data ', 2, 2, 2),
(126, 'TKE133204 ', 'Analisis Sistem Tenaga ', 3, 6, 2),
(127, 'TKE131208 ', 'Dasar Elektronika ', 2, 2, 2),
(128, 'TKE131204 ', 'Dasar Instalasi Listrik ', 2, 2, 2),
(129, 'TKE131202 ', 'Fisika Elektro ', 2, 2, 2),
(130, 'TKE133201 ', 'Instrumentasi ', 2, 6, 2),
(131, 'TKE133208 ', 'Jaringan Komputer ', 2, 6, 2),
(132, 'TKE134101 ', 'Kerja Praktek ', 2, 6, 2),
(133, 'UNO107 ', 'Kewarganegaraan ', 2, 2, 2),
(134, 'TKE132106 ', 'Kewirausahaan dan Manajemen ', 2, 4, 2),
(135, 'UNO113 ', 'KKN ', 2, 6, 2),
(136, 'TKE134008 ', 'Komunikasi Serat Optis ', 3, 0, 2),
(137, 'TKE132208 ', 'Konsep Ilmiah dan Teknologi ', 2, 4, 2),
(138, 'TKE132206 ', 'Konsep Sistem Informasi ', 2, 0, 2),
(139, 'TKE132202 ', 'Konsep Telekomunikasi ', 3, 4, 2),
(140, 'TKE134011 ', 'Kualitas Tenaga Listrik ', 3, 0, 2),
(141, 'TKE134009 ', 'Mekatronika dan Robotika ', 3, 0, 2),
(142, 'TKE132204 ', 'Metode Numeris ', 3, 4, 2),
(143, 'TKE131201 ', 'Metode Transformasi ', 3, 2, 2),
(144, 'TKE134021 ', 'Neuro-fuzzy ', 3, 0, 2),
(145, 'TKE134024 ', 'Pemrograman Berorientasi Obyek', 3, 0, 2),
(146, 'TKE134032 ', 'Pengenalan Pola ', 3, 0, 2),
(147, 'TKE132207 ', 'Pengolahan Sinyal Digital ', 3, 6, 2),
(148, 'TKE131203 ', 'Pengukuran Besaran Listrik ', 2, 2, 2),
(149, 'TKE134103 ', 'Proyek Keteknikan ', 2, 0, 2),
(150, 'TKE131205 ', 'Rangkaian Listrik 1 ', 2, 2, 2),
(151, 'TKE134043 ', 'Regulasi Telekomunikasi ', 3, 0, 2),
(152, 'TKE133205 ', 'Rekayasa Trafik ', 3, 6, 2),
(153, 'TKE133207 ', 'Sistem Embedded ', 3, 6, 2),
(154, 'TKE134029 ', 'Sistem Komputer Terdistribusi ', 3, 0, 2),
(155, 'TKE134005 ', 'Sistem Komunikasi Bergerak ', 3, 0, 2),
(156, 'TKE132201 ', 'Sistem Kontrol ', 2, 4, 2),
(157, 'TKE133206 ', 'Sistem Kontrol Digital ', 3, 6, 2),
(158, 'TKE132205 ', 'Sistem Mikroprosesor dan Arsit', 3, 4, 2),
(159, 'TKE134053 ', 'Sistem Pakar ', 3, 0, 2),
(160, 'TKE133203 ', 'Sistem Proteksi ', 3, 6, 2),
(161, 'TKE131209 ', 'Statistika dan Probabilitas ', 2, 2, 2),
(162, 'TKE131207 ', 'Teknik Digital ', 2, 2, 2),
(163, 'TKE132203 ', 'Teknik Tenaga Listrik ', 2, 4, 2),
(164, 'TKE134001 ', 'Teknologi Elektronika Daya ', 3, 0, 2),
(165, 'TKE134004 ', 'Teknologi Energi Terbarukan ', 3, 0, 2),
(166, 'TKE134201 ', 'Tugas Akhir ', 2, 8, 2),
(167, 'TKE134202 ', 'Ujian Pendadaran ', 2, 8, 2),
(168, 'TIF133133', 'TES', 2, 4, 1);

-- --------------------------------------------------------

--
-- Struktur dari tabel `prodi`
--

CREATE TABLE `prodi` (
  `id_prodi` int(3) NOT NULL,
  `nama_prodi` varchar(30) NOT NULL
) ENGINE=InnoDB DEFAULT CHARSET=latin1;

--
-- Dumping data untuk tabel `prodi`
--

INSERT INTO `prodi` (`id_prodi`, `nama_prodi`) VALUES
(1, 'Teknik Informatika'),
(2, 'Teknik Elektro'),
(3, 'Teknik Geologi'),
(4, 'Teknik Sipil'),
(5, 'Teknik Industri'),
(6, 'Non-Teknik');

-- --------------------------------------------------------

--
-- Struktur dari tabel `ruang`
--

CREATE TABLE `ruang` (
  `id_ruang` int(3) NOT NULL,
  `nama_ruang` varchar(15) NOT NULL,
  `kapasitas_ruang` int(11) NOT NULL
) ENGINE=InnoDB DEFAULT CHARSET=latin1;

--
-- Dumping data untuk tabel `ruang`
--

INSERT INTO `ruang` (`id_ruang`, `nama_ruang`, `kapasitas_ruang`) VALUES
(1, 'B101', 100),
(2, 'C101', 100),
(3, 'C102', 100),
(4, 'C103', 45),
(5, 'C201', 45),
(6, 'C202', 100),
(7, 'E101', 70),
(8, 'E102', 45),
(9, 'E103', 45),
(10, 'E104', 70),
(11, 'E201', 30),
(12, 'E202', 30),
(13, 'E203', 45),
(14, 'E204', 45),
(15, 'E205', 30),
(16, 'E206', 30),
(17, 'E301', 70),
(18, 'E302', 45),
(19, 'E303', 100),
(20, 'E304', 60),
(33, 'C104', 45),
(34, 'B102', 41);

-- --------------------------------------------------------

--
-- Struktur dari tabel `tmp_jadwal`
--

CREATE TABLE `tmp_jadwal` (
  `id_jadwal` int(3) NOT NULL,
  `thn_ajar` int(10) NOT NULL,
  `id_kuliah` int(3) NOT NULL,
  `id_dosen` int(3) NOT NULL,
  `kelas` varchar(2) NOT NULL,
  `kapasitas` int(4) NOT NULL,
  `id_ruang` int(3) NOT NULL,
  `hari` varchar(10) NOT NULL,
  `jam` time NOT NULL
) ENGINE=InnoDB DEFAULT CHARSET=latin1;

--
-- Dumping data untuk tabel `tmp_jadwal`
--

INSERT INTO `tmp_jadwal` (`id_jadwal`, `thn_ajar`, `id_kuliah`, `id_dosen`, `kelas`, `kapasitas`, `id_ruang`, `hari`, `jam`) VALUES
(1153, 201920202, 107, 35, '', 50, 7, 'Senin', '08:10:00'),
(1154, 201920202, 118, 94, '', 60, 20, 'Senin', '07:20:00'),
(1155, 201920202, 108, 35, '', 35, 5, 'Rabu', '13:10:00'),
(1156, 201920202, 121, 34, '', 41, 1, 'Rabu', '10:40:00'),
(1157, 201920202, 94, 37, '', 70, 19, 'Jum\'at', '09:00:00'),
(1158, 201920202, 110, 36, '', 100, 3, 'Jum\'at', '07:20:00'),
(1159, 201920202, 124, 37, '', 90, 1, 'Selasa', '07:20:00'),
(1160, 201920202, 97, 37, '', 30, 16, 'Kamis', '13:10:00'),
(1161, 201920202, 100, 38, '', 60, 7, 'Selasa', '13:10:00'),
(1162, 201920202, 112, 15, '', 30, 19, 'Senin', '13:10:00'),
(1163, 201920202, 103, 19, '', 90, 33, 'Kamis', '11:30:00'),
(1164, 201920202, 114, 39, '', 70, 10, 'Selasa', '07:20:00'),
(1165, 201920202, 106, 38, '', 50, 2, 'Kamis', '08:10:00'),
(1166, 201920202, 117, 34, '', 80, 2, 'Selasa', '13:10:00'),
(1167, 201920202, 108, 34, '', 35, 6, 'Rabu', '07:20:00'),
(1168, 201920202, 120, 39, '', 60, 7, 'Jum\'at', '11:30:00'),
(1169, 201920202, 93, 37, '', 80, 6, 'Jum\'at', '12:20:00'),
(1170, 201920202, 109, 38, '', 45, 14, 'Jum\'at', '09:50:00'),
(1171, 201920202, 123, 39, '', 30, 8, 'Rabu', '10:40:00'),
(1172, 201920202, 96, 38, '', 65, 10, 'Senin', '07:20:00'),
(1173, 201920202, 99, 33, '', 45, 33, 'Jum\'at', '09:50:00'),
(1174, 201920202, 111, 33, '', 100, 3, 'Rabu', '13:10:00'),
(1175, 201920202, 102, 111, '', 60, 2, 'Senin', '10:40:00'),
(1176, 201920202, 113, 92, '', 60, 19, 'Rabu', '09:50:00'),
(1177, 201920202, 104, 33, '', 45, 6, 'Kamis', '12:20:00'),
(1178, 201920202, 116, 36, '', 90, 2, 'Kamis', '12:20:00'),
(1179, 201920202, 107, 94, '', 60, 20, 'Selasa', '13:10:00'),
(1180, 201920202, 119, 94, '', 45, 13, 'Selasa', '07:20:00'),
(1181, 201920202, 92, 78, '', 80, 2, 'Selasa', '11:30:00'),
(1182, 201920202, 109, 34, '', 35, 6, 'Senin', '12:20:00'),
(1183, 201920202, 121, 33, '', 40, 14, 'Senin', '13:10:00'),
(1184, 201920202, 95, 38, '', 60, 2, 'Rabu', '13:10:00'),
(1185, 201920202, 111, 35, '', 100, 19, 'Kamis', '09:50:00'),
(1186, 201920202, 98, 36, '', 60, 17, 'Jum\'at', '09:50:00'),
(1187, 201920202, 101, 35, '', 33, 3, 'Selasa', '11:30:00'),
(1188, 201920202, 113, 92, '', 60, 6, 'Selasa', '11:30:00'),
(1189, 201920202, 104, 36, '', 45, 19, 'Selasa', '10:40:00'),
(1190, 201920202, 115, 95, '', 35, 18, 'Jum\'at', '12:20:00');

-- --------------------------------------------------------

--
-- Struktur dari tabel `users`
--

CREATE TABLE `users` (
  `id` int(11) UNSIGNED NOT NULL,
  `ip_address` varchar(15) NOT NULL,
  `username` varchar(100) DEFAULT NULL,
  `password` varchar(255) NOT NULL,
  `salt` varchar(255) DEFAULT NULL,
  `email` varchar(100) NOT NULL,
  `activation_code` varchar(40) DEFAULT NULL,
  `forgotten_password_code` varchar(40) DEFAULT NULL,
  `forgotten_password_time` int(11) UNSIGNED DEFAULT NULL,
  `remember_code` varchar(40) DEFAULT NULL,
  `created_on` int(11) UNSIGNED NOT NULL,
  `last_login` int(11) UNSIGNED DEFAULT NULL,
  `active` tinyint(1) UNSIGNED DEFAULT NULL,
  `name` varchar(50) DEFAULT NULL,
  `foto` varchar(50) NOT NULL
) ENGINE=InnoDB DEFAULT CHARSET=utf8;

--
-- Dumping data untuk tabel `users`
--

INSERT INTO `users` (`id`, `ip_address`, `username`, `password`, `salt`, `email`, `activation_code`, `forgotten_password_code`, `forgotten_password_time`, `remember_code`, `created_on`, `last_login`, `active`, `name`, `foto`) VALUES
(1, '127.0.0.1', 'administrator', '$2y$06$A1fR9xHSk4AXdipPxmkoxOndZ7uBlIeGq6ICCwaGAWWBtEPQy3N3m', '', 'evendyx@gmail.com', NULL, 'ct02EPm7SVMRXb9fX.u-Wee6366c70d70c3cc8ce', 1595746128, 'OlIAZqmZyyR83FpC/cCGhu', 1268889823, 1595746770, 1, 'Admin', ''),
(6, '::1', 'operator', '$2y$06$A1fR9xHSk4AXdipPxmkoxOndZ7uBlIeGq6ICCwaGAWWBtEPQy3N3m', NULL, 'dhena_ariel@yahoo.co.id', NULL, NULL, NULL, 'rudWQ9/4S7KgIj7scIlnTe', 1464681605, 1595747380, 1, 'Dhena Ariel', '');

-- --------------------------------------------------------

--
-- Struktur dari tabel `users_groups`
--

CREATE TABLE `users_groups` (
  `id` int(11) UNSIGNED NOT NULL,
  `user_id` int(11) UNSIGNED NOT NULL,
  `group_id` mediumint(8) UNSIGNED NOT NULL
) ENGINE=InnoDB DEFAULT CHARSET=utf8;

--
-- Dumping data untuk tabel `users_groups`
--

INSERT INTO `users_groups` (`id`, `user_id`, `group_id`) VALUES
(1, 1, 1),
(12, 6, 2);

--
-- Indexes for dumped tables
--

--
-- Indeks untuk tabel `batasan`
--
ALTER TABLE `batasan`
  ADD PRIMARY KEY (`id_batasan`);

--
-- Indeks untuk tabel `dosen`
--
ALTER TABLE `dosen`
  ADD PRIMARY KEY (`id_dosen`),
  ADD KEY `id_prodi` (`id_prodi`);

--
-- Indeks untuk tabel `groups`
--
ALTER TABLE `groups`
  ADD PRIMARY KEY (`id`);

--
-- Indeks untuk tabel `jadwal`
--
ALTER TABLE `jadwal`
  ADD PRIMARY KEY (`id_jadwal`),
  ADD KEY `id_kelas` (`id_ruang`),
  ADD KEY `id_ruang` (`id_ruang`),
  ADD KEY `hari` (`hari`),
  ADD KEY `id_ruang_2` (`id_ruang`),
  ADD KEY `thn_ajar` (`thn_ajar`),
  ADD KEY `id_jadwal` (`id_jadwal`),
  ADD KEY `id_jadwal_2` (`id_jadwal`),
  ADD KEY `thn_ajar_2` (`thn_ajar`),
  ADD KEY `id_ruang_3` (`id_ruang`),
  ADD KEY `hari_2` (`hari`),
  ADD KEY `jam` (`jam`),
  ADD KEY `jam_2` (`jam`);

--
-- Indeks untuk tabel `kelas`
--
ALTER TABLE `kelas`
  ADD PRIMARY KEY (`id_kelas`),
  ADD KEY `id_kuliah` (`id_kuliah`),
  ADD KEY `id_dosen` (`id_dosen`),
  ADD KEY `kelas` (`kelas`);

--
-- Indeks untuk tabel `konflik`
--
ALTER TABLE `konflik`
  ADD PRIMARY KEY (`id_konflik`),
  ADD KEY `id_jadwal` (`id_jadwal`),
  ADD KEY `id_batasan` (`id_batasan`),
  ADD KEY `id_jadwal2` (`id_jadwal2`),
  ADD KEY `id_konflik` (`id_konflik`),
  ADD KEY `id_jadwal_2` (`id_jadwal`),
  ADD KEY `id_batasan_2` (`id_batasan`),
  ADD KEY `id_jadwal2_2` (`id_jadwal2`);

--
-- Indeks untuk tabel `mata_kuliah`
--
ALTER TABLE `mata_kuliah`
  ADD PRIMARY KEY (`id_kuliah`),
  ADD KEY `id_prodi` (`id_prodi`),
  ADD KEY `kd_kuliah` (`kd_kuliah`),
  ADD KEY `id_kuliah` (`id_kuliah`);

--
-- Indeks untuk tabel `prodi`
--
ALTER TABLE `prodi`
  ADD PRIMARY KEY (`id_prodi`);

--
-- Indeks untuk tabel `ruang`
--
ALTER TABLE `ruang`
  ADD PRIMARY KEY (`id_ruang`);

--
-- Indeks untuk tabel `tmp_jadwal`
--
ALTER TABLE `tmp_jadwal`
  ADD PRIMARY KEY (`id_jadwal`),
  ADD UNIQUE KEY `id_jadwal` (`id_jadwal`),
  ADD KEY `thn_ajar` (`thn_ajar`),
  ADD KEY `id_kelas` (`id_kuliah`),
  ADD KEY `id_ruang` (`id_ruang`),
  ADD KEY `hari` (`hari`),
  ADD KEY `jam` (`jam`),
  ADD KEY `id_jadwal_2` (`id_jadwal`),
  ADD KEY `thn_ajar_2` (`thn_ajar`),
  ADD KEY `id_kelas_2` (`id_kuliah`),
  ADD KEY `id_ruang_2` (`id_ruang`),
  ADD KEY `hari_2` (`hari`),
  ADD KEY `jam_2` (`jam`);

--
-- Indeks untuk tabel `users`
--
ALTER TABLE `users`
  ADD PRIMARY KEY (`id`);

--
-- Indeks untuk tabel `users_groups`
--
ALTER TABLE `users_groups`
  ADD PRIMARY KEY (`id`),
  ADD UNIQUE KEY `uc_users_groups` (`user_id`,`group_id`),
  ADD KEY `fk_users_groups_users1_idx` (`user_id`),
  ADD KEY `fk_users_groups_groups1_idx` (`group_id`);

--
-- AUTO_INCREMENT untuk tabel yang dibuang
--

--
-- AUTO_INCREMENT untuk tabel `batasan`
--
ALTER TABLE `batasan`
  MODIFY `id_batasan` int(3) NOT NULL AUTO_INCREMENT, AUTO_INCREMENT=8;

--
-- AUTO_INCREMENT untuk tabel `dosen`
--
ALTER TABLE `dosen`
  MODIFY `id_dosen` int(3) NOT NULL AUTO_INCREMENT, AUTO_INCREMENT=117;

--
-- AUTO_INCREMENT untuk tabel `groups`
--
ALTER TABLE `groups`
  MODIFY `id` mediumint(8) UNSIGNED NOT NULL AUTO_INCREMENT, AUTO_INCREMENT=3;

--
-- AUTO_INCREMENT untuk tabel `jadwal`
--
ALTER TABLE `jadwal`
  MODIFY `id_jadwal` int(3) NOT NULL AUTO_INCREMENT, AUTO_INCREMENT=1486;

--
-- AUTO_INCREMENT untuk tabel `kelas`
--
ALTER TABLE `kelas`
  MODIFY `id_kelas` int(3) NOT NULL AUTO_INCREMENT, AUTO_INCREMENT=257;

--
-- AUTO_INCREMENT untuk tabel `konflik`
--
ALTER TABLE `konflik`
  MODIFY `id_konflik` int(3) NOT NULL AUTO_INCREMENT;

--
-- AUTO_INCREMENT untuk tabel `mata_kuliah`
--
ALTER TABLE `mata_kuliah`
  MODIFY `id_kuliah` int(3) NOT NULL AUTO_INCREMENT, AUTO_INCREMENT=169;

--
-- AUTO_INCREMENT untuk tabel `prodi`
--
ALTER TABLE `prodi`
  MODIFY `id_prodi` int(3) NOT NULL AUTO_INCREMENT, AUTO_INCREMENT=7;

--
-- AUTO_INCREMENT untuk tabel `ruang`
--
ALTER TABLE `ruang`
  MODIFY `id_ruang` int(3) NOT NULL AUTO_INCREMENT, AUTO_INCREMENT=35;

--
-- AUTO_INCREMENT untuk tabel `tmp_jadwal`
--
ALTER TABLE `tmp_jadwal`
  MODIFY `id_jadwal` int(3) NOT NULL AUTO_INCREMENT, AUTO_INCREMENT=1191;

--
-- AUTO_INCREMENT untuk tabel `users`
--
ALTER TABLE `users`
  MODIFY `id` int(11) UNSIGNED NOT NULL AUTO_INCREMENT, AUTO_INCREMENT=21;

--
-- AUTO_INCREMENT untuk tabel `users_groups`
--
ALTER TABLE `users_groups`
  MODIFY `id` int(11) UNSIGNED NOT NULL AUTO_INCREMENT, AUTO_INCREMENT=36;
COMMIT;

/*!40101 SET CHARACTER_SET_CLIENT=@OLD_CHARACTER_SET_CLIENT */;
/*!40101 SET CHARACTER_SET_RESULTS=@OLD_CHARACTER_SET_RESULTS */;
/*!40101 SET COLLATION_CONNECTION=@OLD_COLLATION_CONNECTION */;
